id,vendor_id,pickup_datetime,dropoff_datetime,passenger_count,pickup_longitude,pickup_latitude,dropoff_longitude,dropoff_latitude,store_and_fwd_flag,trip_duration,traffic_from_avg,traffic_into_avg
id1261506,2,2016-01-04 08:45:43,2016-01-04 08:57:27,2,-73.985,40.735,-73.97,40.76,N,704,228.1302711629063,0.0
id3277602,1,2016-01-04 08:02:30,2016-01-04 08:11:54,2,-73.97,40.76,-73.995,40.735,N,564,157.8703575775768,0.0
id2934301,1,2016-01-04 09:10:50,2016-01-04 09:22:16,1,-73.98,40.730000000000004,-73.985,40.745,N,686,397.7413138845049,0.0
id2988116,2,2016-01-04 08:44:18,2016-01-04 09:02:44,4,-73.95,40.78,-73.98,40.765,N,1106,348.6648081165545,0.0
id3771820,2,2016-01-04 08:46:00,2016-01-04 08:55:04,1,-73.94,40.75,-73.955,40.745,N,544,372.69673004099985,0.0
id0134681,2,2016-01-04 09:05:51,2016-01-04 09:16:15,1,-73.955,40.78,-73.96000000000001,40.800000000000004,N,624,275.478566542694,0.0
id3314293,1,2016-01-04 09:04:41,2016-01-04 09:17:14,1,-73.985,40.75,-73.97500000000001,40.765,N,753,397.84925208585014,0.0
id0344937,2,2016-01-04 08:44:24,2016-01-04 09:06:09,5,-74.0,40.685,-73.99,40.735,N,1305,232.10317990282036,0.0
id2629140,2,2016-01-04 08:42:57,2016-01-04 08:45:53,1,-73.97500000000001,40.795,-73.98,40.785000000000004,N,176,146.94244252916045,0.0
id2267034,2,2016-01-04 08:02:13,2016-01-04 08:06:28,1,-73.98,40.74,-73.99,40.725,N,255,134.72982640357475,0.0
id2415497,2,2016-01-04 08:57:03,2016-01-04 09:04:17,1,-73.98,40.785000000000004,-73.99,40.77,N,434,229.30488101628015,0.0
id3046830,1,2016-01-04 08:30:19,2016-01-04 08:36:58,1,-73.98,40.75,-73.98,40.765,N,399,239.63963963963056,0.0
id0828038,1,2016-01-04 08:17:58,2016-01-04 08:28:52,1,-74.01,40.74,-73.985,40.755,N,654,233.65004536833052,0.0
id1477690,2,2016-01-04 08:13:04,2016-01-04 08:24:49,5,-74.0,40.755,-73.985,40.75,N,705,482.99851963033984,0.0
id2600910,1,2016-01-04 08:39:43,2016-01-04 08:51:39,1,-73.985,40.730000000000004,-73.97500000000001,40.75,N,716,298.89428650817865,0.0
id1424089,1,2016-01-04 08:45:18,2016-01-04 08:56:12,1,-73.985,40.74,-73.97,40.765,N,654,211.92783713144988,0.0
id0202482,2,2016-01-04 09:25:11,2016-01-04 09:41:42,1,-73.98,40.735,-74.01,40.730000000000004,N,991,359.5201989379943,0.0
id3308412,1,2016-01-04 08:18:09,2016-01-04 08:24:04,1,-73.985,40.74,-73.995,40.74,N,355,394.44444444424266,0.0
id3032337,2,2016-01-04 08:44:31,2016-01-04 08:52:35,1,-73.965,40.76,-73.98,40.76,N,484,358.51851851850495,0.0
id3180875,1,2016-01-04 09:03:24,2016-01-04 09:09:59,1,-73.965,40.755,-73.96000000000001,40.775,N,395,174.3814643980985,0.0
id1537069,1,2016-01-04 08:55:45,2016-01-04 09:21:51,2,-73.98,40.765,-74.015,40.715,N,1566,245.39245824504053,0.0
id0266140,1,2016-01-04 08:37:23,2016-01-04 09:27:12,2,-73.78,40.645,-73.98,40.730000000000004,N,2989,147.07565165785138,0.0
id3369847,1,2016-01-04 08:54:44,2016-01-04 09:13:07,2,-73.985,40.75,-73.96000000000001,40.765,N,1103,394.0611621427572,0.0
id1929932,1,2016-01-04 08:47:16,2016-01-04 08:59:32,1,-73.995,40.76,-74.01,40.735,N,736,238.4998289430384,0.0
id2867720,2,2016-01-04 09:03:51,2016-01-04 09:26:30,1,-73.95,40.775,-73.97500000000001,40.75,N,1359,380.40038288639516,0.0
id2793916,1,2016-01-04 08:07:33,2016-01-04 08:18:25,1,-73.955,40.775,-73.97500000000001,40.76,N,652,265.90713033899857,0.0
id0279217,1,2016-01-04 08:42:36,2016-01-04 08:52:15,1,-73.985,40.735,-73.985,40.75,N,579,347.7477477477346,0.0
id1994844,1,2016-01-04 08:34:13,2016-01-04 08:42:00,1,-73.985,40.77,-73.98,40.75,N,467,206.16745284527647,0.0
id3864550,2,2016-01-04 09:26:03,2016-01-04 09:49:18,2,-73.97500000000001,40.755,-73.865,40.77,N,1395,138.9575782153177,0.0
id1533322,1,2016-01-04 08:44:24,2016-01-04 08:54:50,1,-73.97,40.755,-73.98,40.74,N,626,330.7485150141596,0.0
id0859490,2,2016-01-04 08:21:23,2016-01-04 08:26:56,1,-73.96000000000001,40.77,-73.955,40.785000000000004,N,333,193.07267860562104,0.0
id0027750,2,2016-01-04 09:05:52,2016-01-04 09:26:48,1,-73.94,40.84,-73.985,40.76,N,1256,128.68899742625345,0.0
id0547106,1,2016-01-04 09:14:29,2016-01-04 09:24:09,1,-74.01,40.72,-74.0,40.735,N,580,306.4443110354833,0.0
id1307081,2,2016-01-04 08:33:35,2016-01-04 08:49:57,1,-73.98,40.78,-73.97,40.765,N,982,518.8419197186976,0.0
id2979747,1,2016-01-04 08:51:23,2016-01-04 08:58:09,1,-73.965,40.79,-73.955,40.79,N,406,451.1111111108803,0.0
id1320581,1,2016-01-04 09:06:23,2016-01-04 09:27:07,1,-74.015,40.7,-74.005,40.755,N,1244,201.58864496050649,0.0
id2016837,2,2016-01-04 08:08:46,2016-01-04 08:14:50,5,-73.99,40.75,-73.99,40.74,N,364,327.92792792799315,0.0
id3953793,2,2016-01-04 08:28:25,2016-01-04 08:37:05,1,-73.99,40.730000000000004,-73.99,40.74,N,520,468.4684684685617,0.0
id1525943,1,2016-01-04 09:00:18,2016-01-04 09:17:38,1,-74.005,40.735,-73.97500000000001,40.76,N,1040,268.61079933176546,0.0
id1345612,1,2016-01-04 08:48:35,2016-01-04 09:26:50,1,-73.775,40.645,-73.97,40.75,N,2295,108.93532265447395,0.0
id3822337,1,2016-01-04 09:10:58,2016-01-04 09:12:42,1,-73.98,40.765,-73.97,40.765,N,104,115.55555555549644,0.0
id3819645,1,2016-01-04 08:28:23,2016-01-04 09:33:05,1,-73.775,40.645,-74.0,40.74,N,3882,170.03116445374673,0.0
id0420375,2,2016-01-04 08:11:25,2016-01-04 08:28:49,5,-73.98,40.78,-73.97500000000001,40.76,N,1044,460.89683248494356,0.0
id2201600,1,2016-01-04 08:36:17,2016-01-04 08:47:00,1,-73.985,40.755,-73.97500000000001,40.755,N,643,714.4444444450942,0.0
id2666636,1,2016-01-04 08:35:28,2016-01-04 08:44:28,1,-73.965,40.765,-73.97500000000001,40.76,N,540,510.70252183413277,0.0
id2681248,1,2016-01-04 08:13:50,2016-01-04 08:23:10,1,-73.98,40.775,-73.965,40.765,N,560,320.41353492960104,0.0
id3720290,2,2016-01-04 08:15:11,2016-01-04 08:27:14,1,-74.0,40.74,-73.985,40.765,N,723,234.28719609485972,0.0
id0775735,1,2016-01-04 08:44:37,2016-01-04 08:53:40,1,-73.97,40.785000000000004,-73.95,40.79,N,543,288.2746768306887,0.0
id3244068,2,2016-01-04 08:19:44,2016-01-04 08:28:31,2,-73.985,40.765,-73.98,40.755,N,527,439.9924273458384,0.0
id1437972,2,2016-01-04 08:32:44,2016-01-04 08:51:49,1,-73.965,40.79,-74.01,40.745,N,1145,178.05512157833797,0.0
id0775438,1,2016-01-04 08:54:19,2016-01-04 09:22:12,1,-73.865,40.77,-73.985,40.74,N,1673,148.0305507481885,0.0
id2951499,2,2016-01-04 08:22:39,2016-01-04 08:53:53,1,-73.87,40.775,-73.97500000000001,40.75,N,1874,190.27280640927614,0.0
id0870761,1,2016-01-04 09:11:13,2016-01-04 09:40:05,1,-73.93,40.745,-74.01,40.71,N,1732,211.7029999521942,0.0
id1999448,1,2016-01-04 08:35:37,2016-01-04 08:56:00,1,-73.96000000000001,40.765,-73.99,40.75,N,1223,385.54887913805834,0.0
id3832176,2,2016-01-04 08:22:42,2016-01-04 08:27:27,1,-73.96000000000001,40.765,-73.97,40.76,N,285,269.5374420794031,0.0
id3142361,2,2016-01-04 08:25:13,2016-01-04 08:35:36,4,-73.98,40.765,-73.985,40.755,N,623,520.1428505435623,0.0
id1085953,2,2016-01-04 08:12:55,2016-01-04 08:20:37,1,-73.97500000000001,40.745,-73.955,40.77,N,462,139.67571697537207,0.0
id3093289,1,2016-01-04 09:04:04,2016-01-04 09:14:41,1,-73.97500000000001,40.75,-73.985,40.755,N,637,602.439826682736,0.0
id2699874,1,2016-01-04 08:30:17,2016-01-04 08:44:07,1,-73.96000000000001,40.78,-73.97500000000001,40.76,N,830,319.44585327116744,0.0
id1833757,2,2016-01-04 09:25:21,2016-01-04 09:28:42,1,-73.97500000000001,40.76,-73.965,40.77,N,201,140.65577071400034,0.0
id0223686,1,2016-01-04 09:24:10,2016-01-04 09:44:21,1,-73.97,40.79,-73.99,40.755,N,1211,282.8295020477681,0.0
id2877869,1,2016-01-04 08:45:50,2016-01-04 08:58:17,1,-73.96000000000001,40.78,-73.95,40.765,N,747,394.67913852328627,0.0
id1518926,1,2016-01-04 08:55:00,2016-01-04 09:17:58,1,-73.955,40.77,-73.985,40.755,N,1378,434.41239202948657,0.0
id2105891,1,2016-01-04 09:22:35,2016-01-04 09:28:27,1,-73.965,40.765,-73.95,40.77,N,352,241.15670767358813,0.0
id2772866,1,2016-01-04 08:55:13,2016-01-04 08:58:35,1,-73.985,40.745,-73.995,40.745,N,202,224.44444444432963,0.0
id1777275,2,2016-01-04 08:32:52,2016-01-04 09:04:28,1,-73.955,40.78,-73.99,40.730000000000004,N,1896,297.1035126644935,0.0
id0437689,1,2016-01-04 08:59:10,2016-01-04 09:17:19,1,-73.99,40.77,-74.005,40.725,N,1089,210.46661361516362,0.0
id1624320,2,2016-01-04 08:19:09,2016-01-04 08:32:56,1,-73.98,40.735,-73.985,40.755,N,827,365.0973950814639,0.0
id0890281,2,2016-01-04 08:31:07,2016-01-04 08:35:35,5,-73.98,40.755,-73.97500000000001,40.765,N,268,223.7532647603125,0.0
id2586182,2,2016-01-04 08:53:58,2016-01-04 09:09:27,2,-73.965,40.76,-73.985,40.755,N,929,493.19921689817636,0.0
id0319496,1,2016-01-04 08:30:10,2016-01-04 08:38:24,1,-73.985,40.74,-73.98,40.755,N,494,286.4201298234091,0.0
id3725134,1,2016-01-04 08:08:02,2016-01-04 08:14:45,1,-73.985,40.755,-73.99,40.74,N,403,233.6585269612022,0.0
id2890649,2,2016-01-04 08:29:14,2016-01-04 08:33:05,2,-73.985,40.74,-73.985,40.745,N,231,416.2162162165948,0.0
id1362431,1,2016-01-04 08:25:34,2016-01-04 08:42:04,1,-73.92,40.745,-73.97,40.7,N,990,147.2535783111481,0.0
id3499580,2,2016-01-04 08:03:49,2016-01-04 08:04:33,1,-73.785,40.645,-73.78,40.645,N,44,97.7777777778667,0.0
id1178720,1,2016-01-04 08:08:04,2016-01-04 08:13:04,1,-74.0,40.675000000000004,-74.01,40.675000000000004,N,300,333.3333333331628,0.0
id1222917,2,2016-01-04 09:19:52,2016-01-04 09:25:54,1,-73.995,40.755,-74.005,40.745,N,362,253.3203432761036,0.0
id3372263,1,2016-01-04 09:26:46,2016-01-04 09:40:23,1,-73.965,40.795,-73.98,40.765,N,817,227.3711658073553,0.0
id1910673,2,2016-01-04 09:11:41,2016-01-04 09:13:53,1,-73.97500000000001,40.78,-73.98,40.775,N,132,184.74190780356727,0.0
id2913145,2,2016-01-04 08:42:12,2016-01-04 08:43:29,1,-73.965,40.76,-73.97,40.76,N,77,171.11111111126672,0.0
id1695883,1,2016-01-04 08:32:46,2016-01-04 08:42:25,1,-73.985,40.730000000000004,-73.985,40.74,N,579,521.6216216217254,0.0
id1071875,2,2016-01-04 09:10:41,2016-01-04 09:21:22,2,-74.005,40.735,-74.0,40.755,N,641,282.9835915927671,0.0
id3147684,2,2016-01-04 08:47:25,2016-01-04 08:53:36,5,-73.97,40.785000000000004,-73.98,40.77,N,371,196.01868861062812,0.0
id3337215,1,2016-01-04 08:26:33,2016-01-04 08:44:37,1,-73.94500000000001,40.775,-73.97,40.76,N,1084,387.27316388281855,0.0
id1545626,2,2016-01-04 08:29:20,2016-01-04 08:35:30,1,-73.96000000000001,40.77,-73.97,40.765,N,370,349.92580199782157,0.0
id3028865,1,2016-01-04 08:31:27,2016-01-04 08:53:19,1,-73.965,40.79,-73.97,40.765,N,1312,466.6963556053814,0.0
id3890139,2,2016-01-04 09:21:25,2016-01-04 09:32:30,1,-73.99,40.75,-73.985,40.735,N,665,385.56555937766615,0.0
id1076542,2,2016-01-04 09:15:49,2016-01-04 09:22:55,1,-73.995,40.745,-74.005,40.75,N,426,402.88754500289724,0.0
id0998526,2,2016-01-04 08:47:10,2016-01-04 09:11:21,1,-73.99,40.755,-73.955,40.79,N,1451,290.1087751331042,0.0
id2378826,2,2016-01-04 08:03:52,2016-01-04 08:27:38,4,-73.985,40.755,-73.86,40.77,N,1426,125.38972604427984,0.0
id3441399,1,2016-01-04 08:39:56,2016-01-04 09:25:57,1,-73.875,40.775,-74.015,40.71,N,2761,190.1579078103831,0.0
id3704581,1,2016-01-04 08:47:39,2016-01-04 09:04:59,1,-73.97500000000001,40.755,-73.985,40.755,N,1040,1155.5555555566066,0.0
id0957733,1,2016-01-04 09:22:40,2016-01-04 09:26:35,1,-73.99,40.75,-74.0,40.755,N,235,222.25017153892816,0.0
id2108625,1,2016-01-04 08:24:03,2016-01-04 08:36:03,2,-73.98,40.765,-73.985,40.745,N,720,317.85988447237486,0.0
id1784658,2,2016-01-04 08:48:41,2016-01-04 09:00:12,1,-73.955,40.78,-73.97500000000001,40.755,N,691,208.90891867965675,0.0
id3071111,2,2016-01-04 08:37:12,2016-01-04 08:43:36,6,-74.005,40.735,-73.995,40.735,N,384,426.6666666670547,0.0
id2178591,2,2016-01-04 08:04:17,2016-01-04 08:18:01,1,-73.99,40.74,-73.97500000000001,40.755,N,824,384.4124546216741,0.0
id1877615,2,2016-01-04 09:11:39,2016-01-04 09:18:21,1,-73.96000000000001,40.78,-73.965,40.800000000000004,N,402,177.4717688304093,0.0
id2212001,1,2016-01-04 08:11:10,2016-01-04 08:19:34,1,-73.965,40.755,-73.98,40.755,N,504,373.33333333331916,0.0
id2435414,2,2016-01-04 08:29:31,2016-01-04 08:42:57,1,-73.99,40.75,-73.965,40.775,N,806,225.609057105595,0.0
id3933617,1,2016-01-04 08:36:09,2016-01-04 08:46:46,1,-73.875,40.775,-73.875,40.75,N,637,229.54954954956258,0.0
id1452883,1,2016-01-04 08:04:16,2016-01-04 08:06:45,1,-74.005,40.75,-74.0,40.75,N,149,331.11111111141224,0.0
id3182174,1,2016-01-04 08:18:56,2016-01-04 08:20:19,1,-73.955,40.775,-73.955,40.77,N,83,149.54954954968557,0.0
id2495351,1,2016-01-04 09:29:22,2016-01-04 09:35:26,1,-73.985,40.74,-74.0,40.74,N,364,269.6296296296194,0.0
id1352341,1,2016-01-04 09:23:18,2016-01-04 09:38:53,1,-73.99,40.775,-73.96000000000001,40.78,N,935,339.20422402336834,0.0
id1420462,1,2016-01-04 08:57:41,2016-01-04 09:13:32,1,-73.965,40.765,-73.985,40.74,N,951,287.514300527345,0.0
id0524379,1,2016-01-04 08:19:28,2016-01-04 08:22:39,1,-73.955,40.77,-73.96000000000001,40.765,N,191,267.3159423518301,0.0
id0590810,1,2016-01-04 08:50:56,2016-01-04 09:05:21,1,-73.985,40.74,-73.97500000000001,40.76,N,865,361.0943545105789,0.0
id1414472,2,2016-01-04 08:35:34,2016-01-04 08:50:02,1,-73.955,40.765,-74.01,40.7,N,868,99.20244567411228,0.0
id2182005,2,2016-01-04 08:45:17,2016-01-04 08:57:07,1,-74.0,40.715,-73.995,40.74,N,710,252.55671682913172,0.0
id2133599,2,2016-01-04 08:01:54,2016-01-04 08:11:34,5,-73.99,40.77,-73.97500000000001,40.76,N,580,331.8568754628936,0.0
id1201614,1,2016-01-04 08:32:59,2016-01-04 08:53:54,1,-73.965,40.775,-73.98,40.735,N,1255,270.4333177599745,0.0
id2737476,2,2016-01-04 09:03:46,2016-01-04 09:13:08,2,-74.0,40.745,-74.005,40.725,N,562,248.10729871324395,0.0
id3146049,2,2016-01-04 08:16:35,2016-01-04 08:52:42,1,-73.97,40.800000000000004,-73.98,40.78,N,2167,904.6144118196864,0.0
id1471712,2,2016-01-04 08:27:24,2016-01-04 08:32:51,6,-73.985,40.765,-74.0,40.75,N,327,152.55202992868954,0.0
id2736296,1,2016-01-04 08:26:00,2016-01-04 08:26:11,1,-73.99,40.76,-73.99,40.76,N,11,11.0,11.0
id1522996,1,2016-01-04 08:57:26,2016-01-04 09:03:07,1,-73.96000000000001,40.775,-73.955,40.79,N,341,197.71106127482514,0.0
id1926442,1,2016-01-04 08:43:59,2016-01-04 08:48:11,1,-73.96000000000001,40.78,-73.965,40.775,N,252,352.68909671590114,0.0
id3153313,2,2016-01-04 08:02:16,2016-01-04 08:05:51,1,-73.99,40.730000000000004,-74.0,40.730000000000004,N,215,238.88888888876667,0.0
id3499045,2,2016-01-04 08:11:09,2016-01-04 08:19:20,2,-73.99,40.735,-73.97500000000001,40.75,N,491,229.06130487772086,0.0
id1893590,2,2016-01-04 09:15:31,2016-01-04 09:29:51,1,-73.97,40.76,-73.98,40.765,N,860,813.3410532913966,0.0
id1258668,2,2016-01-04 08:25:28,2016-01-04 08:46:48,6,-73.97,40.795,-73.985,40.765,N,1280,356.2241031008749,0.0
id0488078,1,2016-01-04 08:04:27,2016-01-04 08:17:12,1,-73.985,40.75,-74.0,40.72,N,765,212.89956161888227,0.0
id1675960,1,2016-01-04 08:27:22,2016-01-04 09:27:21,1,-73.775,40.645,-73.97,40.755,N,3599,168.33817006421543,0.0
id2368648,2,2016-01-04 08:04:15,2016-01-04 08:15:34,1,-73.97500000000001,40.745,-73.985,40.76,N,679,358.7511848157931,0.0
id0621135,1,2016-01-04 09:07:42,2016-01-04 09:13:07,1,-73.995,40.745,-74.005,40.725,N,325,135.67128926698052,0.0
id2188642,2,2016-01-04 08:20:04,2016-01-04 08:26:48,1,-74.005,40.74,-73.99,40.745,N,404,276.78213039815233,0.0
id1632107,1,2016-01-04 08:21:10,2016-01-04 08:38:51,1,-73.955,40.77,-73.98,40.75,N,1061,335.67042454887354,0.0
id0745103,2,2016-01-04 08:08:04,2016-01-04 08:11:16,2,-73.96000000000001,40.815,-73.965,40.800000000000004,N,192,111.3211840609693,0.0
id1939840,1,2016-01-04 08:36:44,2016-01-04 08:47:10,1,-73.99,40.755,-73.99,40.775,N,626,281.98198198203806,0.0
id0777399,2,2016-01-04 09:10:02,2016-01-04 09:46:25,1,-73.865,40.77,-74.03,40.62,N,2183,97.84762363031217,0.0
id1034581,1,2016-01-04 09:15:12,2016-01-04 09:27:45,1,-73.955,40.78,-73.955,40.765,N,753,452.2522522522351,0.0
id2443003,2,2016-01-04 09:15:10,2016-01-04 09:34:39,2,-73.98,40.755,-73.99,40.735,N,1169,487.9991912401595,0.0
id3913900,2,2016-01-04 08:01:09,2016-01-04 08:59:01,5,-73.78,40.645,-73.95,40.775,N,3472,165.0874015229747,0.0
id3119510,1,2016-01-04 08:54:15,2016-01-04 09:02:32,1,-73.95,40.775,-73.97,40.755,N,497,173.89531851967124,0.0
id0751544,2,2016-01-04 09:25:59,2016-01-04 09:31:34,1,-74.015,40.705,-74.01,40.705,N,335,744.4444444451215,0.0
id2922597,2,2016-01-04 09:15:25,2016-01-04 09:27:56,6,-73.97,40.76,-73.985,40.745,N,751,350.356496869865,0.0
id0250016,1,2016-01-04 08:30:31,2016-01-04 08:40:56,1,-73.965,40.77,-73.965,40.79,N,625,281.5315315315875,0.0
id0843270,1,2016-01-04 09:15:17,2016-01-04 09:22:12,1,-73.97500000000001,40.755,-73.985,40.76,N,415,392.48434548419675,0.0
id2576852,1,2016-01-04 08:07:02,2016-01-04 08:09:39,1,-73.985,40.75,-73.99,40.745,N,157,219.73090549363684,0.0
id1573931,2,2016-01-04 09:06:39,2016-01-04 09:43:02,2,-73.87,40.775,-73.985,40.76,N,2183,208.24055492388598,0.0
id3503356,2,2016-01-04 08:42:16,2016-01-04 09:23:50,1,-73.87,40.775,-73.985,40.75,N,2494,232.74575459536774,0.0
id3538848,1,2016-01-04 09:04:52,2016-01-04 09:09:49,1,-73.955,40.77,-73.955,40.785000000000004,N,297,178.37837837837162,0.0
id2694165,1,2016-01-04 08:44:10,2016-01-04 08:52:14,1,-74.005,40.735,-74.005,40.75,N,484,290.6906906906797,0.0
id2562703,1,2016-01-04 08:19:03,2016-01-04 08:31:27,1,-73.985,40.78,-73.98,40.755,N,744,264.65098214207603,0.0
id0366281,2,2016-01-04 09:27:43,2016-01-04 09:38:18,1,-73.94,40.75,-73.96000000000001,40.745,N,635,337.1167951884824,0.0
id2872386,1,2016-01-04 08:21:40,2016-01-04 08:26:30,1,-73.97500000000001,40.755,-73.97,40.765,N,290,242.1210700763604,0.0
id0967066,1,2016-01-04 08:51:22,2016-01-04 09:01:33,1,-73.97,40.75,-73.99,40.74,N,611,288.92522300081185,0.0
id0146913,1,2016-01-04 09:20:48,2016-01-04 09:40:53,1,-73.965,40.765,-73.98,40.76,N,1205,825.5506612121412,0.0
id3646949,2,2016-01-04 08:51:18,2016-01-04 09:16:31,5,-74.015,40.715,-73.97500000000001,40.745,N,1513,308.5256811373488,0.0
id3171771,2,2016-01-04 09:24:42,2016-01-04 09:41:09,1,-73.97500000000001,40.745,-73.97,40.76,N,987,572.260461813057,0.0
id3080029,1,2016-01-04 09:26:55,2016-01-04 09:37:29,1,-73.99,40.755,-73.97500000000001,40.75,N,634,434.35611552607605,0.0
id3394838,2,2016-01-04 09:14:36,2016-01-04 09:45:52,1,-73.94,40.79,-73.97500000000001,40.755,N,1876,375.08205523750223,0.0
id0261727,1,2016-01-04 08:56:36,2016-01-04 09:17:59,3,-73.98,40.77,-73.98,40.765,N,1283,2311.711711710529,0.0
id2579423,2,2016-01-04 09:11:36,2016-01-04 09:26:30,1,-73.955,40.78,-73.97500000000001,40.76,N,894,312.8016393491126,0.0
id0293576,2,2016-01-04 08:44:41,2016-01-04 08:56:33,5,-73.97,40.75,-73.99,40.74,N,712,336.68536624644526,0.0
id3964040,1,2016-01-04 08:48:25,2016-01-04 09:00:38,1,-74.0,40.725,-74.005,40.705,N,733,323.5990212753483,0.0
id0537869,2,2016-01-04 09:26:06,2016-01-04 09:30:44,2,-73.955,40.775,-73.955,40.785000000000004,N,278,250.45045045032234,0.0
id1721868,2,2016-01-04 08:39:16,2016-01-04 08:44:38,1,-73.99,40.745,-73.985,40.745,N,322,715.5555555562064,0.0
id2474993,1,2016-01-04 08:24:24,2016-01-04 08:29:14,1,-73.97500000000001,40.755,-73.98,40.765,N,290,242.12107007645756,0.0
id0224445,1,2016-01-04 08:13:42,2016-01-04 08:20:30,1,-73.97,40.795,-73.96000000000001,40.805,N,408,285.51022115109,0.0
id1120632,1,2016-01-04 08:39:09,2016-01-04 08:43:00,1,-74.005,40.730000000000004,-74.0,40.725,N,231,323.2983386562427,0.0
id1308182,1,2016-01-04 09:06:54,2016-01-04 09:16:02,1,-73.955,40.78,-73.955,40.79,N,548,493.69369369379194,0.0
id1952468,2,2016-01-04 08:22:33,2016-01-04 08:32:46,1,-73.99,40.755,-73.97,40.76,N,613,325.43715819007764,0.0
id2088911,2,2016-01-04 08:26:37,2016-01-04 08:37:31,6,-73.98,40.72,-74.005,40.730000000000004,N,654,260.67157717465255,0.0
id3834630,1,2016-01-04 08:42:09,2016-01-04 09:02:57,1,-73.99,40.745,-73.965,40.805,N,1248,177.5299224702894,0.0
id1348687,2,2016-01-04 09:20:22,2016-01-04 09:50:31,1,-73.865,40.77,-73.96000000000001,40.775,N,1809,211.13459614733648,0.0
id3881712,2,2016-01-04 08:33:12,2016-01-04 08:38:11,1,-73.97,40.795,-73.97,40.79,N,299,538.7387387384631,0.0
id2697544,1,2016-01-04 09:14:19,2016-01-04 09:43:54,1,-73.775,40.645,-73.925,40.65,N,1775,131.37051215759453,0.0
id3663592,2,2016-01-04 09:23:53,2016-01-04 09:35:36,1,-73.99,40.75,-73.985,40.74,N,703,586.9348698749989,0.0
id1720243,2,2016-01-04 09:11:45,2016-01-04 09:19:07,1,-73.97500000000001,40.755,-73.97500000000001,40.75,N,442,796.396396395989,0.0
id0245628,1,2016-01-04 09:25:32,2016-01-04 09:30:04,1,-73.94500000000001,40.775,-73.955,40.78,N,272,257.2427517389391,0.0
id2986014,1,2016-01-04 08:25:08,2016-01-04 08:40:43,1,-74.005,40.75,-73.97500000000001,40.76,N,935,320.2862523791469,0.0
id0939179,1,2016-01-04 08:59:20,2016-01-04 09:22:47,1,-74.005,40.730000000000004,-73.97,40.75,N,1407,365.10494119333345,0.0
id3510806,2,2016-01-04 08:00:06,2016-01-04 08:12:08,1,-73.955,40.78,-73.97500000000001,40.76,N,722,252.62056332221397,0.0
id2743117,1,2016-01-04 08:35:47,2016-01-04 08:40:41,1,-73.98,40.75,-73.97500000000001,40.76,N,294,245.46067104302938,0.0
id2019792,1,2016-01-04 08:51:56,2016-01-04 09:14:38,1,-73.955,40.77,-73.99,40.755,N,1362,382.26581227992915,0.0
id3066873,1,2016-01-04 09:04:36,2016-01-04 09:11:53,1,-73.97500000000001,40.745,-73.98,40.755,Y,437,364.8514055977496,0.0
id1580085,2,2016-01-04 08:32:51,2016-01-04 08:39:23,1,-73.97500000000001,40.730000000000004,-73.99,40.735,N,392,268.56087900040507,0.0
id0805381,2,2016-01-04 08:56:15,2016-01-04 09:12:27,1,-73.98,40.765,-73.985,40.745,N,972,429.11084403770604,0.0
id1926673,2,2016-01-04 08:40:33,2016-01-04 08:53:01,2,-73.995,40.730000000000004,-73.98,40.75,N,748,287.88614246613884,0.0
id0409631,1,2016-01-04 08:17:01,2016-01-04 08:31:33,1,-73.95,40.77,-73.97500000000001,40.76,N,872,347.56210289937786,0.0
id1443057,2,2016-01-04 08:52:41,2016-01-04 09:06:02,2,-73.985,40.74,-74.005,40.705,N,801,187.07384900101104,0.0
id0867240,2,2016-01-04 08:34:33,2016-01-04 08:55:00,1,-73.97,40.79,-73.96000000000001,40.76,N,1227,355.70597094465893,0.0
id0934637,1,2016-01-04 08:53:16,2016-01-04 09:07:14,1,-73.99,40.730000000000004,-74.01,40.72,N,838,396.26732712685487,0.0
id0366956,2,2016-01-04 08:53:43,2016-01-04 08:56:40,1,-73.995,40.74,-74.005,40.745,N,177,167.39693771253692,0.0
id0671110,2,2016-01-04 08:40:14,2016-01-04 08:58:48,1,-73.995,40.765,-73.96000000000001,40.78,N,1114,312.66087729797437,0.0
id0262980,2,2016-01-04 08:32:26,2016-01-04 08:42:07,1,-73.995,40.75,-73.985,40.755,N,581,549.4780836770947,0.0
id2145111,2,2016-01-04 09:20:53,2016-01-04 09:28:05,1,-73.97500000000001,40.755,-73.97500000000001,40.76,N,432,778.3783783790863,0.0
id2700898,2,2016-01-04 08:19:01,2016-01-04 08:36:35,2,-74.01,40.705,-73.98,40.745,N,1054,202.82887310111695,0.0
id1811495,1,2016-01-04 08:41:24,2016-01-04 08:46:16,2,-73.955,40.77,-73.95,40.775,N,292,408.67149302036285,0.0
id2678807,2,2016-01-04 08:53:52,2016-01-04 08:57:31,1,-73.98,40.79,-73.98,40.78,N,219,197.29729729733654,0.0
id2197656,2,2016-01-04 09:22:38,2016-01-04 09:25:30,1,-73.985,40.745,-73.98,40.75,N,172,240.72430410767856,0.0
id1176064,2,2016-01-04 09:01:09,2016-01-04 09:09:19,2,-74.01,40.735,-74.005,40.725,N,490,409.10111840488486,0.0
id3569425,2,2016-01-04 09:24:06,2016-01-04 09:33:33,6,-73.965,40.765,-73.97500000000001,40.75,N,567,299.5757316502052,0.0
id1218121,1,2016-01-04 09:08:49,2016-01-04 09:38:22,3,-73.995,40.735,-74.005,40.730000000000004,N,1773,1676.8066133577852,0.0
id2881724,2,2016-01-04 09:16:55,2016-01-04 09:46:47,1,-73.875,40.775,-73.97500000000001,40.75,N,1792,190.271904560008,0.0
id1014105,1,2016-01-04 09:12:18,2016-01-04 09:33:52,1,-73.875,40.775,-73.95,40.78,N,1294,191.0589650790408,0.0
id1355716,1,2016-01-04 08:00:11,2016-01-04 08:04:35,1,-73.97,40.805,-73.97500000000001,40.79,N,264,153.0666280837356,0.0
id0553496,2,2016-01-04 09:12:44,2016-01-04 09:15:57,1,-73.965,40.765,-73.96000000000001,40.765,N,193,428.888888889279,0.0
id3327013,2,2016-01-04 08:43:10,2016-01-04 08:53:01,6,-74.005,40.75,-73.985,40.765,N,591,241.0293159975588,0.0
id3917311,1,2016-01-04 09:14:13,2016-01-04 10:10:55,1,-73.78,40.645,-73.97500000000001,40.79,N,3402,142.86407970005865,0.0
id1192624,1,2016-01-04 08:59:20,2016-01-04 09:06:30,1,-73.98,40.755,-73.99,40.74,N,430,227.19147197465546,0.0
id0650004,1,2016-01-04 08:23:55,2016-01-04 08:29:05,1,-74.005,40.715,-74.015,40.715,N,310,344.44444444426824,0.0
id1418464,1,2016-01-04 08:24:44,2016-01-04 08:29:14,1,-73.99,40.745,-73.98,40.755,N,270,188.94058752637562,0.0
id3570362,1,2016-01-04 08:38:40,2016-01-04 08:55:00,1,-73.985,40.735,-74.015,40.715,N,980,280.36184306340095,0.0
id2725114,1,2016-01-04 09:05:50,2016-01-04 09:18:16,1,-73.96000000000001,40.77,-73.97500000000001,40.755,N,746,348.02389702386057,0.0
id1130895,1,2016-01-04 08:18:12,2016-01-04 08:38:00,1,-73.99,40.75,-73.955,40.765,N,1188,333.4300917683964,0.0
id2538589,2,2016-01-04 08:33:09,2016-01-04 08:37:24,1,-74.005,40.75,-73.995,40.745,N,255,241.1650797552554,0.0
id1764322,1,2016-01-04 08:59:24,2016-01-04 09:13:33,2,-73.79,40.645,-73.83500000000001,40.675000000000004,N,849,161.92326854476505,0.0
id0636838,2,2016-01-04 08:55:28,2016-01-04 09:00:17,1,-73.97,40.755,-73.97500000000001,40.755,N,289,642.222222220981,0.0
id0558538,1,2016-01-04 09:08:53,2016-01-04 09:12:31,1,-73.985,40.75,-73.99,40.745,N,218,305.1040598574065,0.0
id3490820,1,2016-01-04 09:09:33,2016-01-04 09:22:15,1,-73.775,40.645,-73.735,40.660000000000004,N,762,192.11439029826235,0.0
id1995870,1,2016-01-04 08:10:13,2016-01-04 08:27:17,1,-73.97500000000001,40.75,-74.01,40.7,N,1024,160.46096886521167,0.0
id1169601,1,2016-01-04 08:46:39,2016-01-04 09:00:27,1,-73.96000000000001,40.765,-73.98,40.76,N,828,439.57906522243235,0.0
id1917015,2,2016-01-04 09:02:58,2016-01-04 09:16:51,5,-73.96000000000001,40.78,-73.97,40.76,N,833,347.7359506441855,0.0
id3292670,2,2016-01-04 09:17:54,2016-01-04 09:24:50,1,-73.965,40.795,-73.98,40.785000000000004,N,416,238.0214830905608,0.0
id3544748,2,2016-01-04 08:27:12,2016-01-04 08:32:28,6,-73.95,40.79,-73.955,40.78,N,316,263.82847635917443,0.0
id0268527,2,2016-01-04 09:27:09,2016-01-04 09:32:28,1,-73.99,40.735,-73.98,40.74,N,319,301.6927860467705,0.0
id3224658,1,2016-01-04 09:06:18,2016-01-04 09:20:52,1,-74.005,40.75,-73.98,40.765,N,874,312.2479199571803,0.0
id1937144,1,2016-01-04 09:06:18,2016-01-04 09:27:07,1,-73.965,40.77,-73.94,40.84,N,1249,154.40311494677618,0.0
id2095458,1,2016-01-04 09:23:41,2016-01-04 09:26:50,1,-73.985,40.725,-73.985,40.730000000000004,N,189,340.54054054036635,0.0
id2178460,2,2016-01-04 08:51:57,2016-01-04 08:58:15,1,-74.0,40.745,-74.0,40.76,N,378,227.02702702701842,0.0
id0976738,2,2016-01-04 08:39:47,2016-01-04 08:59:19,1,-73.99,40.755,-73.97500000000001,40.755,N,1172,868.1481481489377,0.0
id0921657,2,2016-01-04 08:04:56,2016-01-04 08:15:55,1,-73.96000000000001,40.76,-73.97,40.745,N,659,348.18413960766964,0.0
id0991259,2,2016-01-04 08:27:21,2016-01-04 08:53:31,5,-73.965,40.755,-74.005,40.74,N,1570,395.8262372288191,0.0
id3876464,1,2016-01-04 08:02:31,2016-01-04 08:21:25,1,-74.01,40.74,-73.97500000000001,40.755,N,1134,318.2741785061965,0.0
id1404736,2,2016-01-04 08:39:53,2016-01-04 08:52:30,1,-73.98,40.775,-73.97,40.800000000000004,N,757,259.4867293492,0.0
id1411478,2,2016-01-04 08:59:07,2016-01-04 09:19:58,5,-73.955,40.77,-74.015,40.715,N,1251,153.4870831766126,0.0
id0147540,1,2016-01-04 09:11:15,2016-01-04 09:17:59,1,-73.97500000000001,40.755,-73.98,40.76,N,404,565.4222026720089,0.0
id1954090,2,2016-01-04 09:02:27,2016-01-04 09:14:43,1,-74.005,40.74,-73.985,40.745,N,736,390.7369468644325,0.0
id2418725,2,2016-01-04 08:21:21,2016-01-04 08:29:10,1,-73.98,40.74,-73.97,40.745,N,469,443.554597667226,0.0
id1999643,1,2016-01-04 08:02:55,2016-01-04 08:17:00,1,-73.97500000000001,40.79,-73.94,40.84,N,845,132.4116393467538,0.0
id1276372,1,2016-01-04 09:22:38,2016-01-04 10:21:29,1,-73.775,40.645,-73.9,40.86,N,3531,133.83252583417053,0.0
id3544210,1,2016-01-04 08:48:34,2016-01-04 09:03:09,1,-73.985,40.755,-73.97,40.75,N,875,599.4662477681522,0.0
id1578972,1,2016-01-04 08:29:01,2016-01-04 08:32:24,1,-73.98,40.78,-73.98,40.785000000000004,N,203,365.76576576557864,0.0
id1911744,2,2016-01-04 09:11:17,2016-01-04 09:30:03,1,-74.0,40.725,-74.01,40.705,N,1126,470.04883604474713,0.0
id2323281,1,2016-01-04 08:37:41,2016-01-04 08:52:38,1,-73.955,40.785000000000004,-73.97,40.76,N,897,290.67166652426124,0.0
id1155724,1,2016-01-04 08:42:34,2016-01-04 08:52:55,1,-73.98,40.745,-74.0,40.730000000000004,N,621,253.2643066573887,0.0
id2245542,2,2016-01-04 08:03:32,2016-01-04 08:10:19,6,-74.005,40.730000000000004,-73.985,40.74,N,407,192.45919109874046,0.0
id2954756,1,2016-01-04 08:03:02,2016-01-04 08:11:15,1,-74.01,40.705,-74.005,40.725,N,493,217.64572645119893,0.0
id2856591,2,2016-01-04 08:45:10,2016-01-04 08:57:20,2,-73.955,40.78,-73.97500000000001,40.765,N,730,297.71810605440027,0.0
id3224416,1,2016-01-04 09:09:43,2016-01-04 09:25:29,1,-73.97500000000001,40.79,-73.955,40.77,N,946,330.99591814801335,0.0
id0729185,2,2016-01-04 08:31:15,2016-01-04 08:48:04,2,-74.005,40.72,-73.97500000000001,40.755,N,1009,213.27003296190261,0.0
id1416616,2,2016-01-04 08:30:31,2016-01-04 08:40:53,1,-74.005,40.745,-73.985,40.74,N,622,330.21519150771337,0.0
id0804069,1,2016-01-04 08:39:03,2016-01-04 08:46:05,1,-73.985,40.755,-74.0,40.76,N,422,289.1140074950997,0.0
id0294849,2,2016-01-04 08:32:43,2016-01-04 08:40:08,5,-73.98,40.745,-73.97,40.76,N,445,235.11675588067254,0.0
id3731777,1,2016-01-04 09:24:16,2016-01-04 09:32:19,1,-73.995,40.76,-73.99,40.77,N,483,403.2568167131404,0.0
id0058049,2,2016-01-04 08:27:09,2016-01-04 08:36:39,2,-74.005,40.735,-73.99,40.745,N,570,326.13520519620107,0.0
id1084148,1,2016-01-04 09:17:59,2016-01-04 09:28:23,1,-73.97500000000001,40.775,-73.97500000000001,40.755,N,624,281.08108108113703,0.0
id0664099,2,2016-01-04 09:28:36,2016-01-04 10:00:51,5,-73.865,40.77,-73.98,40.72,N,1935,164.76291731856273,0.0
id1398212,2,2016-01-04 09:14:06,2016-01-04 09:18:06,1,-73.96000000000001,40.775,-73.97,40.76,N,240,126.80454249748212,0.0
id0547365,2,2016-01-04 08:46:00,2016-01-04 08:56:12,5,-74.0,40.735,-73.97500000000001,40.755,N,612,193.61950973041448,0.0
id1449795,1,2016-01-04 09:22:51,2016-01-04 09:41:45,1,-73.95,40.775,-73.98,40.765,N,1134,388.4541285538026,0.0
id2061964,1,2016-01-04 08:55:37,2016-01-04 09:03:33,1,-73.985,40.735,-73.985,40.74,N,476,857.6576576572189,0.0
id2260936,2,2016-01-04 08:05:33,2016-01-04 08:11:15,1,-73.995,40.765,-73.985,40.76,N,342,323.44493049495077,0.0
id3420015,2,2016-01-04 08:22:26,2016-01-04 08:34:36,2,-74.0,40.755,-73.99,40.74,N,730,385.6971500963842,0.0
id2126286,2,2016-01-04 08:55:47,2016-01-04 08:58:29,1,-73.98,40.765,-73.99,40.77,N,162,153.21075655039755,0.0
id1973389,2,2016-01-04 08:08:20,2016-01-04 08:32:42,1,-73.93,40.765,-73.995,40.77,N,1462,248.79736813696732,0.0
id0696368,2,2016-01-04 09:27:42,2016-01-04 09:32:29,1,-73.95,40.77,-73.955,40.765,N,287,401.67369348199855,0.0
id2447171,1,2016-01-04 08:34:50,2016-01-04 08:41:51,1,-73.995,40.735,-73.99,40.75,N,421,244.09488796686622,0.0
id3258318,2,2016-01-04 09:15:46,2016-01-04 09:26:48,2,-73.955,40.775,-73.97,40.76,N,662,308.8362196109862,0.0
id0668492,2,2016-01-04 08:28:11,2016-01-04 08:45:09,1,-74.005,40.735,-73.97500000000001,40.765,N,1018,237.45866432329532,0.0
id1615220,2,2016-01-04 08:21:48,2016-01-04 08:41:19,1,-73.965,40.79,-73.97,40.76,N,1171,348.4841249280674,0.0
id3531992,1,2016-01-04 09:14:01,2016-01-04 09:23:20,1,-73.995,40.74,-73.98,40.76,N,559,215.14485780557703,0.0
id3832982,2,2016-01-04 08:48:56,2016-01-04 08:57:47,3,-73.99,40.74,-73.98,40.755,N,531,280.55505027567915,0.0
id3182907,2,2016-01-04 08:16:50,2016-01-04 08:29:31,1,-73.995,40.69,-74.0,40.725,N,761,194.5806381298223,0.0
id3268841,1,2016-01-04 08:24:44,2016-01-04 08:44:29,1,-73.955,40.775,-73.93,40.765,N,1185,472.3177659816609,0.0
id2238073,2,2016-01-04 08:10:07,2016-01-04 08:17:02,2,-73.99,40.75,-73.99,40.735,N,415,249.2492492492398,0.0
id0593282,2,2016-01-04 09:18:35,2016-01-04 09:36:15,1,-74.01,40.71,-74.005,40.74,N,1060,315.45104391437457,0.0
id2499647,2,2016-01-04 08:51:02,2016-01-04 08:56:59,1,-73.97,40.76,-73.965,40.775,N,357,206.9878266132734,0.0
id1290583,2,2016-01-04 09:12:10,2016-01-04 09:15:25,1,-73.985,40.77,-73.99,40.76,N,195,162.80554712027728,0.0
id3875981,2,2016-01-04 09:28:58,2016-01-04 09:44:28,5,-73.965,40.755,-73.98,40.775,N,930,357.9333054726058,0.0
id0790473,1,2016-01-04 08:26:55,2016-01-04 08:36:00,1,-73.98,40.77,-73.98,40.755,N,545,327.32732732731495,0.0
id0934945,1,2016-01-04 08:03:01,2016-01-04 08:08:50,1,-73.985,40.735,-73.98,40.725,N,349,291.38018433339204,0.0
id0874926,1,2016-01-04 08:52:04,2016-01-04 09:14:23,1,-73.99,40.75,-73.955,40.785000000000004,N,1339,267.71581661142585,0.0
id2822719,2,2016-01-04 09:06:12,2016-01-04 09:21:29,5,-73.98,40.745,-74.005,40.730000000000004,N,917,327.61023180867534,0.0
id0353732,1,2016-01-04 09:16:23,2016-01-04 09:21:30,1,-73.97500000000001,40.765,-73.98,40.755,N,307,256.3143741843878,0.0
id0634212,2,2016-01-04 09:18:53,2016-01-04 09:54:59,5,-73.875,40.775,-73.98,40.730000000000004,N,2166,202.64017361680555,0.0
id2172290,2,2016-01-04 09:17:59,2016-01-04 09:29:04,3,-73.985,40.76,-73.97,40.75,N,665,380.49107272890126,0.0
id3650362,2,2016-01-04 08:50:53,2016-01-04 08:54:42,1,-74.0,40.74,-74.005,40.730000000000004,N,229,191.19215533623716,0.0
id1719547,2,2016-01-04 09:01:15,2016-01-04 09:10:10,5,-73.985,40.735,-74.0,40.74,N,535,366.5307914925274,0.0
id0430233,2,2016-01-04 08:28:16,2016-01-04 08:33:30,3,-73.98,40.745,-73.985,40.735,N,314,262.1586758758885,0.0
id0368969,2,2016-01-04 08:11:55,2016-01-04 08:14:11,1,-73.98,40.745,-73.985,40.74,N,136,190.34014743414158,0.0
id1758510,2,2016-01-04 09:05:23,2016-01-04 09:28:10,2,-74.005,40.75,-73.97,40.765,N,1367,383.6691375819847,0.0
id1326748,2,2016-01-04 09:04:54,2016-01-04 09:15:21,1,-73.96000000000001,40.765,-73.97,40.76,N,627,592.9823725746868,0.0
id0260014,2,2016-01-04 08:35:41,2016-01-04 08:41:53,2,-73.98,40.765,-73.97500000000001,40.755,N,372,310.58288989118,0.0
id3529213,1,2016-01-04 09:22:32,2016-01-04 09:30:21,1,-73.99,40.75,-73.995,40.74,N,469,391.56821333038977,0.0
id3308686,2,2016-01-04 09:28:57,2016-01-04 09:34:14,1,-73.98,40.765,-73.97500000000001,40.755,N,317,264.6633766008174,0.0
id1112955,1,2016-01-04 08:53:44,2016-01-04 09:02:17,1,-73.955,40.775,-73.97,40.765,N,513,293.521684676581,0.0
id3111608,2,2016-01-04 08:57:32,2016-01-04 09:05:15,2,-73.955,40.765,-73.97,40.77,N,463,317.20328310474804,0.0
id0547872,1,2016-01-04 08:41:06,2016-01-04 09:14:21,1,-73.985,40.735,-73.785,40.645,N,1995,96.90861184011423,0.0
id1279543,1,2016-01-04 08:48:17,2016-01-04 08:55:41,1,-73.99,40.75,-74.005,40.730000000000004,N,444,170.88428777401825,0.0
id1349521,1,2016-01-04 08:00:03,2016-01-04 08:07:39,1,-73.995,40.730000000000004,-73.98,40.735,N,456,312.407553122667,0.0
id3579003,2,2016-01-04 09:26:16,2016-01-04 09:39:02,5,-73.955,40.775,-73.97,40.76,N,766,357.3542964078783,0.0
id2440925,1,2016-01-04 08:23:40,2016-01-04 08:28:12,1,-73.97500000000001,40.755,-73.985,40.76,N,272,257.2427517390398,0.0
id3650073,2,2016-01-04 08:42:51,2016-01-04 08:57:47,1,-73.97500000000001,40.75,-73.96000000000001,40.775,N,896,290.3476178436989,0.0
id3596418,1,2016-01-04 08:09:21,2016-01-04 08:30:19,1,-73.93,40.765,-73.965,40.715,N,1258,197.12880745355108,0.0
id3870283,1,2016-01-04 08:54:38,2016-01-04 09:16:20,1,-74.015,40.705,-73.97500000000001,40.755,N,1302,196.81578301081265,0.0
id0915019,2,2016-01-04 08:09:19,2016-01-04 08:14:57,1,-73.98,40.775,-73.97,40.765,N,338,236.52562438483827,0.0
id3500321,2,2016-01-04 09:11:30,2016-01-04 09:18:19,1,-73.98,40.745,-73.98,40.755,N,409,368.46846846828,0.0
id1937355,2,2016-01-04 08:31:45,2016-01-04 08:39:00,3,-74.01,40.71,-74.0,40.72,N,435,304.40427990356403,0.0
id1938438,2,2016-01-04 08:35:34,2016-01-04 08:42:16,1,-73.97500000000001,40.75,-73.97,40.76,N,402,335.6298971403341,0.0
id1758772,2,2016-01-04 09:02:07,2016-01-04 09:17:40,1,-73.97500000000001,40.76,-73.985,40.72,N,933,205.94671681442802,0.0
id1895824,1,2016-01-04 08:46:43,2016-01-04 08:55:43,1,-73.98,40.745,-74.0,40.74,N,540,286.68199905814345,0.0
id2759147,2,2016-01-04 08:07:07,2016-01-04 08:18:50,1,-73.95,40.77,-73.97,40.765,N,703,373.2174913663888,0.0
id1914726,2,2016-01-04 08:23:11,2016-01-04 08:33:08,5,-73.98,40.765,-73.97500000000001,40.75,N,597,346.1393066894236,0.0
id2102169,2,2016-01-04 09:28:01,2016-01-04 09:35:26,1,-73.955,40.78,-73.96000000000001,40.775,N,445,622.8041588825361,0.0
id3347455,1,2016-01-04 08:54:24,2016-01-04 09:05:39,1,-73.98,40.745,-74.005,40.76,N,675,241.15256976098016,0.0
id3559959,1,2016-01-04 08:54:20,2016-01-04 09:09:24,1,-73.955,40.78,-73.97500000000001,40.76,N,904,316.3005391181183,0.0
id1669573,1,2016-01-04 08:08:38,2016-01-04 08:12:41,1,-73.995,40.75,-73.995,40.74,N,243,218.91891891896248,0.0
id1532503,1,2016-01-04 09:16:09,2016-01-04 09:46:20,2,-73.985,40.77,-73.995,40.695,N,1811,216.27735292993094,0.0
id2374640,2,2016-01-04 08:54:27,2016-01-04 09:09:50,1,-73.955,40.785000000000004,-73.97,40.76,N,923,299.0969322206166,0.0
id2040606,2,2016-01-04 08:43:55,2016-01-04 09:27:11,2,-73.84,40.745,-73.99,40.755,N,2596,191.6495646619925,0.0
id0408755,1,2016-01-04 09:11:03,2016-01-04 09:30:39,1,-73.955,40.77,-74.015,40.7,N,1176,124.2842213890862,0.0
id2726680,2,2016-01-04 09:04:48,2016-01-04 09:09:50,1,-73.995,40.75,-74.005,40.75,N,302,335.55555555586074,0.0
id1748159,2,2016-01-04 08:55:36,2016-01-04 09:12:44,1,-73.96000000000001,40.76,-74.0,40.72,N,1028,179.84344812696466,0.0
id1702371,1,2016-01-04 09:13:44,2016-01-04 09:17:15,1,-73.985,40.735,-73.99,40.735,N,211,468.88888888931535,0.0
id2503958,2,2016-01-04 08:56:57,2016-01-04 09:07:10,2,-73.99,40.72,-74.0,40.735,N,613,323.87993562888147,0.0
id1819371,2,2016-01-04 08:51:28,2016-01-04 08:55:21,1,-73.99,40.75,-73.995,40.735,N,233,135.09289524056967,0.0
id2973844,2,2016-01-04 09:09:05,2016-01-04 09:15:55,1,-73.98,40.775,-73.98,40.76,N,410,246.24624624623692,0.0
id2167344,1,2016-01-04 09:25:34,2016-01-04 09:28:11,1,-73.97,40.755,-73.965,40.755,N,157,348.8888888892062,0.0
id3679531,1,2016-01-04 09:06:52,2016-01-04 09:13:35,1,-73.99,40.755,-73.98,40.76,N,403,381.13540055453325,0.0
id2348705,2,2016-01-04 09:12:45,2016-01-04 09:22:27,1,-73.985,40.735,-73.97,40.755,N,582,223.99697181183066,0.0
id3383873,2,2016-01-04 09:04:19,2016-01-04 09:09:04,1,-74.01,40.715,-74.0,40.72,N,285,269.53744207923114,0.0
id0033323,1,2016-01-04 08:01:49,2016-01-04 08:15:43,2,-73.995,40.730000000000004,-73.97500000000001,40.735,N,834,442.76442076757706,0.0
id2052997,2,2016-01-04 09:13:29,2016-01-04 09:17:51,1,-73.99,40.775,-73.99,40.77,N,262,472.07207207250144,0.0
id2135761,2,2016-01-04 08:08:03,2016-01-04 08:10:53,1,-73.995,40.755,-73.995,40.76,N,170,306.3063063065849,0.0
id2930317,2,2016-01-04 09:23:48,2016-01-04 09:30:19,1,-73.98,40.75,-73.97500000000001,40.76,N,391,326.4459944823962,0.0
id3993551,2,2016-01-04 08:05:57,2016-01-04 08:15:18,1,-73.97,40.79,-73.95,40.785000000000004,N,561,297.8307434659601,0.0
id3016023,1,2016-01-04 08:33:24,2016-01-04 08:42:52,1,-74.005,40.735,-74.01,40.715,N,568,250.75613108381987,0.0
id0176597,2,2016-01-04 08:45:57,2016-01-04 08:53:45,3,-73.97,40.745,-73.98,40.755,N,468,327.49701837886647,0.0
id3677633,2,2016-01-04 08:59:31,2016-01-04 09:11:47,1,-73.925,40.76,-73.895,40.775,N,736,232.02287411734554,0.0
id1807050,2,2016-01-04 09:17:21,2016-01-04 09:44:39,1,-73.985,40.775,-73.97,40.765,N,1638,937.2095896690831,0.0
id1811545,1,2016-01-04 08:26:30,2016-01-04 08:55:39,1,-73.97500000000001,40.79,-73.97500000000001,40.755,N,1749,450.19305019309405,0.0
id0563647,2,2016-01-04 09:22:36,2016-01-04 09:47:23,1,-73.98,40.78,-73.98,40.745,N,1487,382.75418275414233,0.0
id3604265,1,2016-01-04 08:57:09,2016-01-04 09:15:47,1,-73.97,40.745,-74.0,40.76,N,1118,352.44778975977215,0.0
id2092885,2,2016-01-04 08:22:10,2016-01-04 08:33:21,1,-73.985,40.72,-73.97500000000001,40.75,N,671,194.52217318978495,0.0
id2247866,2,2016-01-04 09:19:47,2016-01-04 09:46:40,1,-73.91,40.875,-73.965,40.805,N,1613,175.08278667636458,0.0
id2754066,2,2016-01-04 09:00:35,2016-01-04 09:08:11,1,-74.0,40.74,-74.0,40.72,N,456,205.4054054053733,0.0
id2030672,2,2016-01-04 08:16:15,2016-01-04 08:42:07,6,-73.955,40.765,-73.94,40.84,N,1552,184.02254672242572,0.0
id0706543,2,2016-01-04 09:27:04,2016-01-04 09:31:32,2,-73.965,40.765,-73.965,40.775,N,268,241.44144144148947,0.0
id0985155,2,2016-01-04 09:07:17,2016-01-04 09:32:29,1,-73.955,40.745,-73.97500000000001,40.755,N,1512,714.9835305677859,0.0
id1832710,2,2016-01-04 08:46:07,2016-01-04 09:04:49,6,-74.01,40.725,-73.985,40.77,N,1122,204.80548782276313,0.0
id2766649,1,2016-01-04 08:54:17,2016-01-04 08:58:03,1,-73.98,40.78,-73.97,40.795,N,226,119.40761085175728,0.0
id1604780,1,2016-01-04 09:01:13,2016-01-04 09:12:13,1,-73.98,40.74,-73.99,40.75,N,660,461.8547695091162,0.0
id2397322,2,2016-01-04 09:09:13,2016-01-04 09:40:10,1,-73.935,40.75,-73.985,40.75,N,1857,412.6666666666901,0.0
id0626993,1,2016-01-04 08:21:05,2016-01-04 08:26:17,1,-73.99,40.765,-73.97500000000001,40.755,N,312,178.5161123180215,0.0
id3878807,2,2016-01-04 08:39:18,2016-01-04 08:50:41,1,-73.99,40.745,-73.97500000000001,40.76,N,683,318.63313896432453,0.0
id3419604,1,2016-01-04 08:36:06,2016-01-04 08:47:04,1,-73.97500000000001,40.785000000000004,-73.98,40.76,N,658,234.05960517397557,0.0
id2911720,2,2016-01-04 09:22:34,2016-01-04 09:40:13,1,-73.965,40.79,-73.97,40.76,N,1059,315.1534485899431,0.0
id3060764,1,2016-01-04 08:54:08,2016-01-04 08:57:39,1,-73.93,40.735,-73.92,40.74,N,211,199.55228167963335,0.0
id1306773,2,2016-01-04 09:07:45,2016-01-04 09:22:50,5,-73.97,40.77,-73.97,40.755,N,905,543.5435435435229,0.0
id1861444,1,2016-01-04 08:39:11,2016-01-04 08:39:21,1,-73.995,40.755,-73.995,40.755,N,10,10.0,10.0
id1557445,2,2016-01-04 08:09:14,2016-01-04 08:27:45,1,-73.99,40.76,-74.015,40.71,N,1111,185.51483369301263,0.0
id0659335,1,2016-01-04 08:56:12,2016-01-04 09:12:33,1,-73.98,40.730000000000004,-74.005,40.705,N,981,274.59365387165104,0.0
id2544835,2,2016-01-04 08:05:16,2016-01-04 08:10:42,1,-73.98,40.74,-73.99,40.735,N,326,308.31300392240496,0.0
id0523849,1,2016-01-04 08:35:41,2016-01-04 08:43:07,1,-73.97500000000001,40.785000000000004,-73.985,40.77,N,446,235.64510814115425,0.0
id0746369,1,2016-01-04 08:56:46,2016-01-04 09:09:11,1,-73.96000000000001,40.775,-73.97500000000001,40.76,N,745,347.55737705465964,0.0
id0740824,2,2016-01-04 08:33:36,2016-01-04 08:39:41,1,-73.97,40.765,-73.97,40.765,N,365,365.0,365.0
id0430487,1,2016-01-04 08:46:33,2016-01-04 09:07:53,2,-74.005,40.72,-73.98,40.77,N,1280,213.7344618605277,0.0
id0963401,2,2016-01-04 08:52:01,2016-01-04 09:04:28,5,-73.94500000000001,40.775,-73.965,40.765,N,747,353.23591093552614,0.0
id0132367,1,2016-01-04 08:53:47,2016-01-04 09:17:57,2,-74.01,40.72,-73.98,40.75,N,1450,338.22697767064193,0.0
id1594180,1,2016-01-04 08:42:27,2016-01-04 08:57:54,1,-73.99,40.75,-73.97500000000001,40.76,N,927,530.3988337141216,0.0
id0213140,1,2016-01-04 08:22:51,2016-01-04 08:47:05,1,-73.95,40.83,-73.985,40.74,N,1454,138.80859598155988,0.0
id0283086,2,2016-01-04 08:16:02,2016-01-04 08:22:40,3,-73.97500000000001,40.74,-73.97500000000001,40.755,N,398,239.03903903902997,0.0
id3050946,2,2016-01-04 08:54:08,2016-01-04 10:02:57,1,-73.78,40.645,-73.94500000000001,40.715,N,4129,246.36134661887385,0.0
id0749596,2,2016-01-04 08:13:14,2016-01-04 08:15:44,2,-73.985,40.78,-73.98,40.785000000000004,N,150,209.93398614041735,0.0
id2693846,2,2016-01-04 08:42:46,2016-01-04 08:49:12,1,-73.97500000000001,40.75,-73.965,40.755,N,386,365.05772857032457,0.0
id3715772,1,2016-01-04 08:27:43,2016-01-04 08:40:27,1,-73.995,40.745,-73.98,40.725,N,764,294.0441348183557,0.0
id2039106,1,2016-01-04 08:11:34,2016-01-04 08:35:33,1,-73.98,40.735,-73.97500000000001,40.76,N,1439,511.87199368608526,0.0
id0127790,2,2016-01-04 08:13:09,2016-01-04 08:22:57,6,-74.0,40.725,-74.0,40.725,N,588,588.0,588.0
id0816126,1,2016-01-04 09:22:28,2016-01-04 09:29:55,2,-73.98,40.77,-73.98,40.765,N,447,805.4054054049934,0.0
id0948587,2,2016-01-04 08:04:54,2016-01-04 08:16:47,1,-73.995,40.74,-73.97,40.775,N,713,158.81456072646563,0.0
id0257807,1,2016-01-04 09:28:42,2016-01-04 09:41:05,1,-74.005,40.75,-73.99,40.755,N,743,509.03248239055677,0.0
id2477564,1,2016-01-04 08:53:15,2016-01-04 09:16:53,2,-73.99,40.730000000000004,-73.99,40.755,N,1418,510.99099099102006,0.0
id2682514,2,2016-01-04 08:19:03,2016-01-04 08:27:34,2,-73.965,40.775,-73.97500000000001,40.755,N,511,213.31701173973275,0.0
id2239470,1,2016-01-04 09:04:46,2016-01-04 09:18:26,1,-73.99,40.730000000000004,-74.005,40.75,N,820,315.5971080511148,0.0
id0013076,2,2016-01-04 08:19:02,2016-01-04 08:44:12,1,-73.98,40.77,-74.01,40.71,N,1510,210.1165608134067,0.0
id3892238,2,2016-01-04 09:24:07,2016-01-04 09:38:46,1,-73.995,40.75,-73.97,40.78,N,879,218.7176286725788,0.0
id2750378,2,2016-01-04 08:25:38,2016-01-04 08:30:56,1,-73.985,40.755,-74.0,40.765,N,318,181.9491144778806,0.0
id0703537,1,2016-01-04 08:55:44,2016-01-04 09:31:55,1,-73.87,40.775,-73.99,40.75,N,2171,194.69432843575748,0.0
id1949346,2,2016-01-04 09:09:33,2016-01-04 09:18:58,1,-73.98,40.775,-73.97,40.755,N,565,235.85931826408805,0.0
id0437189,2,2016-01-04 08:57:21,2016-01-04 09:01:51,2,-73.955,40.72,-73.965,40.715,N,270,255.35126091716634,0.0
id3977869,1,2016-01-04 08:47:34,2016-01-04 09:01:17,1,-73.99,40.755,-73.98,40.745,N,823,575.9189019785449,0.0
id3991728,1,2016-01-04 08:56:10,2016-01-04 09:06:15,1,-73.98,40.76,-73.985,40.745,N,605,350.7776893586286,0.0
id2778198,2,2016-01-04 08:36:14,2016-01-04 08:48:05,1,-73.98,40.72,-74.005,40.71,N,711,283.3906595889965,0.0
id0616867,2,2016-01-04 08:33:12,2016-01-04 08:37:09,1,-73.96000000000001,40.76,-73.955,40.765,N,237,331.6956981014855,0.0
id2260522,1,2016-01-04 09:22:39,2016-01-04 09:36:16,1,-73.955,40.765,-73.985,40.77,N,817,296.39556259568553,0.0
id3918942,1,2016-01-04 08:19:18,2016-01-04 08:21:51,1,-73.99,40.75,-73.99,40.74,N,153,137.83783783786527,0.0
id0400733,1,2016-01-04 08:10:34,2016-01-04 08:24:31,1,-73.96000000000001,40.765,-73.95,40.795,N,837,242.64539338276344,0.0
id1387248,1,2016-01-04 08:29:19,2016-01-04 08:46:05,1,-73.98,40.730000000000004,-74.0,40.72,N,1006,475.7099416346315,0.0
id2930148,1,2016-01-04 09:11:04,2016-01-04 09:33:10,1,-74.01,40.730000000000004,-73.98,40.765,N,1326,280.2736012958156,0.0
id3995631,2,2016-01-04 08:15:16,2016-01-04 08:19:10,6,-73.95,40.775,-73.95,40.77,N,234,421.6216216220051,0.0
id2663691,1,2016-01-04 09:06:40,2016-01-04 09:23:40,1,-73.955,40.79,-73.97500000000001,40.76,N,1020,269.4596528070629,0.0
id1124368,1,2016-01-04 08:08:53,2016-01-04 08:44:39,1,-73.97,40.765,-73.94,40.845,N,2146,231.21509956689454,0.0
id2598577,2,2016-01-04 08:04:29,2016-01-04 08:13:51,5,-73.985,40.74,-73.97,40.765,N,562,182.11535851357007,0.0
id1111552,2,2016-01-04 08:32:43,2016-01-04 08:39:58,1,-73.97500000000001,40.76,-73.965,40.77,N,435,304.4042799034336,0.0
id2494167,1,2016-01-04 08:39:12,2016-01-04 09:08:06,1,-73.995,40.74,-73.985,40.76,N,1734,723.8585095042986,0.0
id1866170,1,2016-01-04 09:24:55,2016-01-04 09:36:44,1,-73.95,40.775,-73.97500000000001,40.755,N,709,224.30756927916406,0.0
id2967697,2,2016-01-04 08:03:42,2016-01-04 08:09:00,1,-73.98,40.78,-73.98,40.775,N,318,572.9729729726798,0.0
id2611497,1,2016-01-04 09:23:44,2016-01-04 09:27:59,1,-73.97500000000001,40.765,-73.985,40.765,N,255,283.33333333359104,0.0
id3201224,1,2016-01-04 08:38:41,2016-01-04 09:02:07,1,-73.875,40.775,-73.94,40.805,N,1406,208.8726516787793,0.0
id2738974,2,2016-01-04 08:31:48,2016-01-04 08:41:38,1,-73.95,40.775,-73.97500000000001,40.755,N,590,186.65933127603216,0.0
id1761490,2,2016-01-04 08:59:25,2016-01-04 09:08:04,1,-73.96000000000001,40.765,-73.97,40.76,N,519,490.8418682077551,0.0
id3841610,2,2016-01-04 08:47:19,2016-01-04 09:09:00,6,-73.78,40.645,-73.905,40.660000000000004,N,1301,114.39834052146429,0.0
id3071413,1,2016-01-04 09:10:12,2016-01-04 09:19:44,1,-73.99,40.76,-73.995,40.735,N,572,203.4682282059899,0.0
id1957389,2,2016-01-04 09:21:20,2016-01-04 09:41:34,1,-74.01,40.71,-74.01,40.72,N,1214,1093.6936936939112,0.0
id2254408,2,2016-01-04 09:23:22,2016-01-04 09:32:45,6,-73.99,40.77,-73.98,40.755,N,563,297.4623226086768,0.0
id3725690,2,2016-01-04 08:12:42,2016-01-04 08:28:32,1,-73.98,40.765,-74.005,40.745,N,950,300.5531605292382,0.0
id0762679,1,2016-01-04 09:18:41,2016-01-04 09:48:54,2,-73.865,40.77,-73.985,40.74,N,1813,160.41804453464778,0.0
id2080086,1,2016-01-04 08:54:44,2016-01-04 09:06:28,1,-73.965,40.805,-73.98,40.78,N,704,228.1302711629063,0.0
id3678822,2,2016-01-04 08:32:15,2016-01-04 09:07:06,1,-73.98,40.76,-73.865,40.77,N,2091,200.87706587477342,0.0
id3432311,1,2016-01-04 08:47:46,2016-01-04 08:59:38,1,-74.02,40.71,-74.005,40.705,N,712,487.7942496124851,0.0
id1828633,2,2016-01-04 08:26:32,2016-01-04 08:28:11,1,-73.96000000000001,40.76,-73.96000000000001,40.765,N,99,178.37837837828712,0.0
id3239093,2,2016-01-04 09:08:35,2016-01-04 09:17:28,3,-73.985,40.75,-73.99,40.75,N,533,1184.4444444455216,0.0
id2847736,1,2016-01-04 08:26:47,2016-01-04 09:08:05,1,-73.91,40.745,-73.94,40.84,N,2478,227.64908256176756,0.0
id0029400,1,2016-01-04 09:14:27,2016-01-04 09:27:02,1,-73.98,40.745,-73.98,40.76,N,755,453.4534534534363,0.0
id2389580,1,2016-01-04 09:17:30,2016-01-04 09:28:03,3,-73.965,40.76,-73.985,40.745,N,633,258.1583029212432,0.0
id1894741,1,2016-01-04 08:42:48,2016-01-04 08:47:04,1,-73.98,40.75,-73.97500000000001,40.76,N,256,213.734461860597,0.0
id0481800,1,2016-01-04 08:17:42,2016-01-04 08:25:22,1,-74.015,40.71,-74.005,40.725,N,460,243.04203978676261,0.0
id2512315,2,2016-01-04 09:24:13,2016-01-04 09:35:41,6,-73.985,40.745,-73.98,40.76,N,688,398.90090955163055,0.0
id2497609,2,2016-01-04 08:00:43,2016-01-04 08:13:42,5,-73.98,40.785000000000004,-73.98,40.765,N,779,350.90090090084607,0.0
id1867004,1,2016-01-04 08:33:35,2016-01-04 08:46:35,1,-73.98,40.745,-73.97500000000001,40.765,N,780,344.3482081784061,0.0
id1163082,1,2016-01-04 08:33:01,2016-01-04 08:45:25,1,-73.99,40.755,-73.955,40.765,N,744,222.76447566552412,0.0
id1172400,2,2016-01-04 09:24:34,2016-01-04 09:27:25,1,-73.99,40.75,-74.0,40.755,N,171,161.72246524747538,0.0
id3523241,2,2016-01-04 08:25:31,2016-01-04 08:48:38,1,-73.99,40.745,-73.98,40.735,N,1387,970.5947959229457,0.0
id3727490,2,2016-01-04 09:09:28,2016-01-04 09:12:02,1,-73.99,40.76,-73.985,40.765,N,154,215.5322257708285,0.0
id3566457,2,2016-01-04 09:13:03,2016-01-04 09:31:30,1,-74.015,40.71,-73.995,40.75,N,1107,231.05864187462993,0.0
id2999941,2,2016-01-04 09:28:22,2016-01-04 09:49:20,1,-73.97,40.745,-74.0,40.72,N,1258,324.9157553454645,0.0
id2583556,1,2016-01-04 08:31:00,2016-01-04 08:43:00,1,-73.995,40.74,-73.97500000000001,40.75,N,720,340.46834788966373,0.0
id1212677,1,2016-01-04 08:43:02,2016-01-04 09:01:51,1,-73.955,40.77,-73.985,40.755,N,1129,355.9155229327216,0.0
id3059442,1,2016-01-04 08:56:22,2016-01-04 09:01:44,1,-73.99,40.775,-73.985,40.765,N,322,268.8378778090322,0.0
id2526929,1,2016-01-04 09:18:05,2016-01-04 09:25:08,1,-73.985,40.74,-73.98,40.75,N,423,353.16280221497084,0.0
id0537774,2,2016-01-04 09:12:24,2016-01-04 09:21:52,2,-73.955,40.765,-73.97,40.76,N,568,389.1392328369263,0.0
id1714445,1,2016-01-04 08:11:15,2016-01-04 08:17:29,1,-73.99,40.75,-73.98,40.76,N,374,261.7177027218325,0.0
id3644004,1,2016-01-04 09:15:27,2016-01-04 09:30:51,1,-73.97500000000001,40.755,-74.005,40.75,N,924,335.21358609368167,0.0
id1039788,2,2016-01-04 08:28:45,2016-01-04 08:44:28,2,-74.005,40.74,-73.98,40.76,N,943,298.3385582938119,0.0
id0643755,1,2016-01-04 08:13:59,2016-01-04 08:35:57,2,-73.99,40.76,-74.015,40.705,N,1318,202.5690978701004,0.0
id0636278,1,2016-01-04 08:14:02,2016-01-04 08:17:53,1,-73.86,40.835,-73.875,40.83,N,231,158.2590894107922,0.0
id2488711,2,2016-01-04 08:10:19,2016-01-04 08:20:31,1,-74.005,40.725,-73.995,40.715,N,612,428.265331726635,0.0
id2028032,1,2016-01-04 08:27:13,2016-01-04 08:39:31,1,-73.99,40.775,-73.97,40.785000000000004,N,738,348.980056586837,0.0
id2471874,1,2016-01-04 08:42:54,2016-01-04 08:52:59,1,-73.99,40.755,-73.97500000000001,40.765,N,605,346.1610511294968,0.0
id0932257,2,2016-01-04 08:54:01,2016-01-04 09:04:55,6,-73.995,40.735,-73.985,40.745,N,654,457.656089786048,0.0
id1933613,2,2016-01-04 09:24:48,2016-01-04 09:28:37,5,-73.985,40.76,-74.0,40.76,N,229,169.6296296296232,0.0
id0024485,2,2016-01-04 08:21:40,2016-01-04 08:25:52,1,-74.0,40.74,-74.005,40.725,N,252,146.1090540799577,0.0
id2673021,1,2016-01-04 09:04:21,2016-01-04 09:11:30,1,-73.995,40.72,-74.005,40.725,N,429,405.72478123531204,0.0
id3658972,2,2016-01-04 08:11:34,2016-01-04 08:22:06,1,-73.99,40.755,-73.97,40.76,N,632,335.5241174161975,0.0
id2636885,1,2016-01-04 09:23:43,2016-01-04 09:32:36,1,-73.99,40.75,-74.0,40.74,N,533,372.9827153760911,0.0
id3406748,2,2016-01-04 09:28:07,2016-01-04 09:36:42,1,-73.995,40.75,-73.995,40.765,N,515,309.3093093092976,0.0
id2299894,2,2016-01-04 08:12:05,2016-01-04 08:25:30,1,-73.98,40.775,-73.95,40.775,N,805,298.14814814813684,0.0
id1853969,1,2016-01-04 08:59:08,2016-01-04 09:57:53,2,-73.915,40.745,-73.95,40.81,N,3525,447.7522762805883,0.0
id3020811,2,2016-01-04 08:07:52,2016-01-04 08:16:12,1,-73.94,40.805,-73.955,40.815,N,500,286.0835133300009,0.0
id2000617,2,2016-01-04 09:09:38,2016-01-04 09:13:43,1,-73.97,40.765,-73.96000000000001,40.775,N,245,171.44608868141432,0.0
id3584794,1,2016-01-04 08:12:53,2016-01-04 08:34:07,2,-73.98,40.75,-74.015,40.715,N,1274,254.71990318371795,0.0
id3950341,2,2016-01-04 09:17:23,2016-01-04 09:28:33,1,-73.995,40.745,-73.98,40.76,N,670,312.5683793645932,0.0
id0921821,2,2016-01-04 09:12:51,2016-01-04 09:20:52,2,-73.97500000000001,40.75,-73.985,40.75,N,481,534.4444444449305,0.0
id1231351,2,2016-01-04 08:56:30,2016-01-04 09:07:16,1,-74.01,40.705,-74.01,40.72,N,646,387.98798798797327,0.0
id2945746,1,2016-01-04 09:05:19,2016-01-04 09:09:00,1,-73.95,40.775,-73.96000000000001,40.775,N,221,245.55555555542992,0.0
id3374948,1,2016-01-04 08:13:15,2016-01-04 08:20:41,1,-73.98,40.77,-73.97500000000001,40.76,N,446,372.3655077725316,0.0
id0183583,2,2016-01-04 09:07:36,2016-01-04 09:18:32,6,-73.98,40.75,-73.965,40.755,N,656,449.42840975532334,0.0
id3378778,1,2016-01-04 09:08:53,2016-01-04 09:17:17,1,-73.99,40.745,-73.995,40.725,N,504,222.5019191307134,0.0
id1813400,1,2016-01-04 09:16:55,2016-01-04 09:30:02,1,-73.99,40.755,-73.97500000000001,40.74,N,787,367.1512157612348,0.0
id2944858,2,2016-01-04 08:50:06,2016-01-04 09:35:30,1,-73.875,40.775,-73.985,40.765,N,2724,273.4381647291467,0.0
id0730264,1,2016-01-04 08:28:12,2016-01-04 08:39:37,1,-73.965,40.795,-73.94,40.805,N,685,273.02756936480154,0.0
id1272737,2,2016-01-04 08:29:13,2016-01-04 08:44:43,3,-73.955,40.78,-73.985,40.765,N,930,293.18107734936325,0.0
id3803978,2,2016-01-04 08:49:37,2016-01-04 09:11:15,1,-73.97500000000001,40.75,-73.875,40.775,N,1298,137.81971658420224,0.0
id2917333,1,2016-01-04 08:32:39,2016-01-04 08:39:19,1,-73.97500000000001,40.78,-73.99,40.765,N,400,186.60798768042432,0.0
id2965639,1,2016-01-04 08:47:02,2016-01-04 08:53:06,1,-73.99,40.755,-73.98,40.755,N,364,404.4444444448123,0.0
id2357455,1,2016-01-04 09:24:57,2016-01-04 09:37:37,4,-73.985,40.77,-73.985,40.75,N,760,342.3423423422888,0.0
id3498684,2,2016-01-04 08:31:20,2016-01-04 08:44:04,1,-73.955,40.775,-73.98,40.765,N,764,304.5154204302312,0.0
id1091062,2,2016-01-04 09:05:58,2016-01-04 10:04:13,2,-73.78,40.645,-73.985,40.75,N,3495,160.15243639798163,0.0
id1141410,1,2016-01-04 08:26:47,2016-01-04 08:48:26,1,-73.96000000000001,40.77,-73.99,40.74,N,1299,303.00471999603207,0.0
id0349156,1,2016-01-04 09:04:27,2016-01-04 09:23:51,1,-73.96000000000001,40.775,-74.0,40.755,N,1164,275.21191454414486,0.0
id0424086,1,2016-01-04 08:54:54,2016-01-04 09:20:00,2,-73.995,40.730000000000004,-73.955,40.775,N,1506,244.59520359132821,0.0
id0395855,1,2016-01-04 08:43:14,2016-01-04 08:46:54,1,-73.99,40.745,-73.985,40.755,N,220,183.67805316133845,0.0
id0784034,2,2016-01-04 08:04:35,2016-01-04 08:25:57,1,-73.99,40.765,-73.92,40.765,N,1282,203.49206349208333,0.0
id1388471,1,2016-01-04 08:07:20,2016-01-04 08:13:33,1,-73.99,40.75,-73.985,40.755,N,373,522.0358455358378,0.0
id3291755,1,2016-01-04 09:11:59,2016-01-04 09:17:45,1,-73.99,40.725,-73.97500000000001,40.74,N,346,161.41590934356702,0.0
id3751365,1,2016-01-04 08:06:21,2016-01-04 08:09:18,1,-73.995,40.75,-73.99,40.755,N,177,247.72210364541323,0.0
id0903260,2,2016-01-04 08:39:36,2016-01-04 08:44:54,1,-73.98,40.765,-73.97,40.76,N,318,300.747040635656,0.0
id3336239,2,2016-01-04 09:24:14,2016-01-04 09:50:24,2,-73.97,40.755,-74.01,40.715,N,1570,274.66363186701824,0.0
id3658704,1,2016-01-04 08:16:34,2016-01-04 08:19:58,1,-73.98,40.76,-73.98,40.77,N,204,183.78378378368976,0.0
id2396583,2,2016-01-04 08:39:05,2016-01-04 08:53:36,1,-74.0,40.755,-73.97500000000001,40.75,N,871,375.845871188926,0.0
id1438231,1,2016-01-04 08:56:42,2016-01-04 09:00:19,1,-73.97,40.76,-73.965,40.755,N,217,303.7044999500642,0.0
id3050924,2,2016-01-04 09:26:54,2016-01-04 09:36:37,1,-73.985,40.730000000000004,-74.0,40.725,N,583,399.41579708438036,0.0
id2044233,1,2016-01-04 08:18:51,2016-01-04 08:22:14,3,-73.97500000000001,40.725,-73.985,40.725,N,203,225.5555555557607,0.0
id1649220,2,2016-01-04 09:05:45,2016-01-04 09:15:34,1,-73.99,40.75,-73.985,40.745,N,589,824.3407855780388,0.0
id3062509,2,2016-01-04 08:53:03,2016-01-04 09:01:48,1,-73.99,40.75,-73.995,40.725,N,525,186.74968497927395,0.0
id0841341,2,2016-01-04 09:02:45,2016-01-04 09:14:13,6,-73.985,40.765,-73.97,40.765,N,688,509.6296296296103,0.0
id1139866,1,2016-01-04 08:58:55,2016-01-04 09:03:30,1,-74.0,40.75,-73.99,40.755,N,275,260.07998797108615,0.0
id1619681,2,2016-01-04 08:18:51,2016-01-04 08:43:05,1,-73.995,40.755,-73.955,40.800000000000004,N,1454,236.14968527340918,0.0
id0084618,2,2016-01-04 09:14:04,2016-01-04 09:34:27,2,-73.885,40.755,-73.94500000000001,40.825,N,1223,129.25136289018062,0.0
id1522911,2,2016-01-04 08:40:30,2016-01-04 08:51:01,1,-73.965,40.765,-73.97500000000001,40.75,N,631,333.3902763161896,0.0
id0129834,1,2016-01-04 08:01:44,2016-01-04 08:04:56,2,-73.965,40.77,-73.965,40.775,N,192,345.94594594626057,0.0
id2680817,1,2016-01-04 08:42:55,2016-01-04 09:10:37,1,-73.98,40.78,-74.015,40.71,N,1662,198.2291716585991,0.0
id1663641,2,2016-01-04 08:24:56,2016-01-04 09:12:58,3,-73.785,40.645,-73.98,40.665,N,2882,162.91825580117802,0.0
id0206367,2,2016-01-04 09:00:47,2016-01-04 09:09:39,1,-74.0,40.735,-73.995,40.730000000000004,N,532,744.5658708453186,0.0
id3439824,2,2016-01-04 09:28:54,2016-01-04 09:30:43,1,-73.985,40.745,-73.99,40.74,N,109,152.5520299288341,0.0
id3313710,1,2016-01-04 08:06:54,2016-01-04 08:14:40,1,-73.97,40.795,-73.96000000000001,40.81,N,466,246.21215334927777,0.0
id0510878,1,2016-01-04 08:06:58,2016-01-04 08:20:23,1,-73.97,40.755,-73.98,40.77,N,805,425.32356962683457,0.0
id0294894,1,2016-01-04 08:35:39,2016-01-04 08:50:02,1,-73.96000000000001,40.775,-73.97500000000001,40.765,N,863,493.78014400758167,0.0
id2517084,2,2016-01-04 08:18:01,2016-01-04 08:25:19,1,-73.995,40.75,-73.985,40.76,N,438,306.50361976496794,0.0
id1764591,1,2016-01-04 09:14:13,2016-01-04 09:30:50,3,-73.98,40.765,-73.97,40.765,N,997,1107.777777777211,0.0
id1306106,2,2016-01-04 08:07:38,2016-01-04 08:19:48,1,-73.98,40.735,-73.98,40.755,N,730,328.82882882877743,0.0
id3018620,1,2016-01-04 08:10:15,2016-01-04 08:12:51,1,-74.01,40.715,-74.01,40.72,N,156,281.0810810813367,0.0
id3104201,2,2016-01-04 09:29:17,2016-01-04 09:55:50,1,-73.925,40.77,-74.0,40.715,N,1593,175.03008519284305,0.0
id3152344,2,2016-01-04 08:07:45,2016-01-04 08:31:56,5,-73.95,40.77,-73.99,40.75,N,1451,343.06914776934286,0.0
id2203595,2,2016-01-04 09:02:21,2016-01-04 09:10:52,2,-73.985,40.76,-73.99,40.75,N,511,426.63402347955105,0.0
id3215193,1,2016-01-04 08:26:11,2016-01-04 08:35:31,1,-73.96000000000001,40.77,-73.97,40.76,N,560,391.87677412877906,0.0
id3564281,1,2016-01-04 09:23:03,2016-01-04 09:37:13,1,-73.985,40.745,-74.005,40.730000000000004,N,850,346.6580686936882,0.0
id2276327,2,2016-01-04 09:03:37,2016-01-04 09:19:21,2,-73.97500000000001,40.75,-74.005,40.705,N,944,166.25484460779208,0.0
id0050512,2,2016-01-04 08:34:39,2016-01-04 08:55:19,1,-74.0,40.745,-73.965,40.775,N,1240,270.51676787503635,0.0
id0888067,2,2016-01-04 08:14:12,2016-01-04 09:09:18,2,-73.78,40.645,-73.98,40.74,N,3306,158.47468248302482,0.0
id0264336,2,2016-01-04 08:07:10,2016-01-04 08:23:28,1,-73.97500000000001,40.800000000000004,-73.995,40.75,N,978,167.62088593366406,0.0
id0195481,1,2016-01-04 08:04:10,2016-01-04 08:09:22,2,-73.97,40.755,-73.96000000000001,40.765,N,312,218.33134558612764,0.0
id3767539,2,2016-01-04 09:01:18,2016-01-04 09:08:28,1,-73.985,40.765,-73.98,40.755,N,430,359.0071039064715,0.0
id3814833,2,2016-01-04 09:07:01,2016-01-04 09:49:56,6,-73.865,40.77,-73.99,40.75,N,2575,224.55844092867633,0.0
id1336074,1,2016-01-04 08:43:45,2016-01-04 09:00:17,1,-73.965,40.77,-73.985,40.74,N,992,262.06272116142094,0.0
id1950985,1,2016-01-04 08:17:41,2016-01-04 08:41:19,1,-73.97500000000001,40.75,-74.005,40.730000000000004,N,1418,405.66642190205596,0.0
id2449613,2,2016-01-04 08:34:16,2016-01-04 09:05:15,1,-73.875,40.775,-73.99,40.735,N,1859,165.06612262757827,0.0
id2409198,1,2016-01-04 08:04:36,2016-01-04 08:15:11,1,-73.97,40.785000000000004,-73.97,40.765,N,635,286.03603603599134,0.0
id1426865,1,2016-01-04 09:05:47,2016-01-04 09:15:40,1,-73.97500000000001,40.745,-73.98,40.76,N,593,343.8201153548211,0.0
id2280808,1,2016-01-04 08:09:23,2016-01-04 08:45:53,3,-74.015,40.705,-73.97,40.675000000000004,N,2190,417.6819294618014,0.0
id1593431,1,2016-01-04 08:30:32,2016-01-04 08:37:31,1,-73.965,40.77,-73.98,40.76,N,419,239.7379841704721,0.0
id3945224,2,2016-01-04 08:04:10,2016-01-04 08:12:52,1,-73.98,40.77,-73.97500000000001,40.76,N,522,435.81792613735763,0.0
id1346359,2,2016-01-04 08:58:44,2016-01-04 09:11:02,1,-73.955,40.77,-73.97500000000001,40.755,N,738,300.9807702303389,0.0
id0200825,1,2016-01-04 08:19:40,2016-01-04 08:29:22,1,-74.0,40.745,-73.98,40.755,N,582,275.211914544091,0.0
id3230146,2,2016-01-04 09:25:05,2016-01-04 09:36:27,4,-74.0,40.72,-74.005,40.74,N,682,301.08394612522176,0.0
id2006393,2,2016-01-04 08:56:52,2016-01-04 09:00:40,3,-73.965,40.755,-73.97500000000001,40.755,N,228,253.33333333320374,0.0
id1257142,2,2016-01-04 08:08:18,2016-01-04 08:13:01,1,-73.99,40.74,-73.99,40.75,N,283,254.9549549550057,0.0
id0063646,1,2016-01-04 08:56:29,2016-01-04 09:09:49,1,-74.005,40.74,-74.015,40.71,N,800,231.9191334602279,0.0
id0300539,2,2016-01-04 08:52:43,2016-01-04 09:05:44,1,-74.0,40.745,-73.97500000000001,40.755,N,781,311.2912871152961,0.0
id3124779,2,2016-01-04 08:05:28,2016-01-04 09:00:26,1,-73.865,40.77,-74.01,40.71,N,3298,225.10078566856973,0.0
id0241104,1,2016-01-04 09:28:53,2016-01-04 09:43:10,1,-73.985,40.765,-73.955,40.78,N,857,270.16793901978957,0.0
id3999780,2,2016-01-04 08:53:55,2016-01-04 09:25:37,1,-73.78,40.645,-73.745,40.795,N,1902,112.24315959854933,0.0
id3735433,2,2016-01-04 08:50:57,2016-01-04 08:54:56,1,-73.965,40.765,-73.96000000000001,40.775,N,239,199.54115775266675,0.0
id2256891,1,2016-01-04 09:23:29,2016-01-04 09:26:21,1,-74.015,40.705,-74.015,40.715,N,172,154.9549549548757,0.0
id3755023,2,2016-01-04 08:36:01,2016-01-04 08:41:49,1,-73.92,40.745,-73.935,40.75,N,348,238.41629054093372,0.0
id1862767,1,2016-01-04 08:27:58,2016-01-04 08:34:00,2,-73.99,40.75,-73.985,40.745,N,362,506.6406865522072,0.0
id0657628,1,2016-01-04 09:24:22,2016-01-04 09:28:40,1,-73.98,40.730000000000004,-73.99,40.735,N,258,244.00231598776568,0.0
id2904824,2,2016-01-04 08:49:45,2016-01-04 09:07:40,1,-73.96000000000001,40.76,-73.985,40.75,N,1075,428.47392272597926,0.0
id1825820,2,2016-01-04 08:44:40,2016-01-04 08:51:12,1,-73.985,40.765,-73.985,40.755,N,392,353.1531531532234,0.0
id2640864,1,2016-01-04 08:46:56,2016-01-04 08:54:25,1,-73.99,40.755,-73.97500000000001,40.765,N,449,256.9029949704861,0.0
id0359687,1,2016-01-04 09:02:59,2016-01-04 09:11:10,2,-73.895,40.75,-73.905,40.745,N,491,464.36099670473925,0.0
id1797911,2,2016-01-04 08:12:33,2016-01-04 08:33:35,2,-73.985,40.76,-74.015,40.705,N,1262,189.05221449560776,0.0
id2904786,1,2016-01-04 09:03:49,2016-01-04 09:10:22,1,-74.005,40.735,-74.0,40.725,N,393,328.11579496568214,0.0
id1428038,2,2016-01-04 09:16:00,2016-01-04 09:42:49,1,-73.95,40.785000000000004,-73.98,40.75,N,1609,340.09066703235715,0.0
id0505587,2,2016-01-04 09:00:49,2016-01-04 09:13:00,5,-73.99,40.755,-73.97500000000001,40.75,N,731,500.81123099299936,0.0
id3923460,1,2016-01-04 08:10:12,2016-01-04 08:17:28,1,-73.985,40.74,-73.985,40.755,N,436,261.86186186185193,0.0
id1198355,2,2016-01-04 08:51:35,2016-01-04 09:05:01,1,-73.98,40.75,-73.985,40.755,N,806,1128.0452855278427,0.0
id3878803,2,2016-01-04 09:11:33,2016-01-04 09:24:06,2,-73.995,40.75,-74.005,40.735,N,753,397.84925208585014,0.0
id0166496,1,2016-01-04 08:27:41,2016-01-04 08:45:30,1,-73.99,40.725,-73.955,40.765,N,1069,196.36640054169484,0.0
id1660327,2,2016-01-04 08:34:52,2016-01-04 08:42:25,1,-73.995,40.74,-73.985,40.755,N,453,239.3435739639206,0.0
id0906851,1,2016-01-04 08:53:13,2016-01-04 09:17:51,1,-73.865,40.77,-73.95,40.82,N,1478,156.38241716197857,0.0
id2455741,2,2016-01-04 08:19:33,2016-01-04 08:26:44,1,-73.955,40.775,-73.965,40.76,N,431,227.71982423498847,0.0
id1812992,2,2016-01-04 08:09:22,2016-01-04 08:14:39,6,-73.95,40.825,-73.96000000000001,40.81,N,317,167.4876665487038,0.0
id3095903,2,2016-01-04 08:20:31,2016-01-04 08:25:30,1,-73.96000000000001,40.76,-73.95,40.77,N,299,209.234206186498,0.0
id2540652,1,2016-01-04 09:26:40,2016-01-04 09:27:44,1,-73.97,40.79,-73.97,40.795,N,64,115.31531531525633,0.0
id1585125,2,2016-01-04 08:09:58,2016-01-04 08:34:52,1,-73.96000000000001,40.785000000000004,-73.995,40.74,N,1494,252.9932303227983,0.0
id2385544,2,2016-01-04 08:47:46,2016-01-04 08:58:10,1,-73.795,40.655,-73.795,40.655,N,624,624.0,624.0
id1684586,2,2016-01-04 09:17:15,2016-01-04 09:24:11,1,-74.005,40.725,-74.005,40.715,N,416,374.77477477484933,0.0
id2577770,1,2016-01-04 09:14:46,2016-01-04 09:18:28,1,-74.01,40.725,-74.01,40.715,N,222,200.0000000000398,0.0
id3072541,2,2016-01-04 08:02:09,2016-01-04 08:46:47,1,-74.015,40.71,-73.915,40.655,N,2678,246.2472518114251,0.0
id3249941,1,2016-01-04 08:49:28,2016-01-04 08:59:11,1,-73.97500000000001,40.755,-73.96000000000001,40.765,N,583,333.5733765427811,0.0
id0425401,2,2016-01-04 08:31:50,2016-01-04 08:45:19,1,-73.955,40.785000000000004,-73.965,40.765,N,809,337.71714774440534,0.0
id2318556,2,2016-01-04 08:05:39,2016-01-04 08:12:31,2,-73.97500000000001,40.765,-73.99,40.755,N,412,235.73281498405402,0.0
id0939397,1,2016-01-04 08:16:05,2016-01-04 08:30:58,1,-73.97,40.75,-74.01,40.7,N,893,134.98962690372872,0.0
id3097161,2,2016-01-04 08:02:11,2016-01-04 08:08:37,2,-73.94500000000001,40.78,-73.94500000000001,40.78,N,386,386.0,386.0
id2053580,1,2016-01-04 08:14:46,2016-01-04 08:22:30,1,-73.95,40.785000000000004,-73.96000000000001,40.77,N,464,245.15544882838665,0.0
id3248610,1,2016-01-04 08:32:38,2016-01-04 08:54:10,1,-73.955,40.77,-73.99,40.745,N,1292,307.7662924847228,0.0
id3894254,2,2016-01-04 08:26:17,2016-01-04 08:42:02,5,-73.98,40.730000000000004,-73.97500000000001,40.755,N,945,336.1494329627176,0.0
id1254636,1,2016-01-04 08:06:23,2016-01-04 08:10:06,1,-73.965,40.755,-73.965,40.765,N,223,200.90090090094088,0.0
id1169427,2,2016-01-04 08:31:14,2016-01-04 08:42:06,1,-73.99,40.76,-73.985,40.745,N,652,378.028187540208,0.0
id3340786,1,2016-01-04 08:05:34,2016-01-04 08:23:09,1,-74.005,40.705,-73.97500000000001,40.76,N,1055,158.04285760133254,0.0
id2199420,2,2016-01-04 09:18:59,2016-01-04 09:23:59,2,-73.995,40.745,-74.005,40.75,N,300,283.72362324147696,0.0
id3587640,1,2016-01-04 09:21:07,2016-01-04 09:29:36,1,-74.005,40.735,-73.995,40.725,N,509,356.1879964850608,0.0
id1897825,1,2016-01-04 08:01:53,2016-01-04 08:10:27,1,-73.99,40.755,-73.97500000000001,40.755,N,514,380.740740741087,0.0
id0774693,1,2016-01-04 08:53:49,2016-01-04 09:06:26,1,-73.97500000000001,40.755,-73.985,40.755,N,757,841.1111111118761,0.0
id2318915,1,2016-01-04 08:44:11,2016-01-04 08:56:04,1,-73.955,40.765,-73.97500000000001,40.755,N,713,337.15823895167404,0.0
id3287491,2,2016-01-04 08:53:20,2016-01-04 09:07:12,1,-73.99,40.765,-73.99,40.74,N,832,299.8198198198369,0.0
id1936531,2,2016-01-04 09:06:07,2016-01-04 09:37:36,5,-73.865,40.77,-74.01,40.705,N,1889,126.67907115638994,0.0
id2475552,2,2016-01-04 08:02:37,2016-01-04 08:06:44,1,-73.995,40.76,-73.985,40.76,N,247,274.44444444430405,0.0
