id,vendor_id,pickup_datetime,dropoff_datetime,passenger_count,pickup_longitude,pickup_latitude,dropoff_longitude,dropoff_latitude,store_and_fwd_flag,trip_duration
id0702699,2,2016-01-04 21:09:10,2016-01-04 21:19:26,1,-73.98,40.785000000000004,-73.955,40.800000000000004,N,616
id2311936,2,2016-01-04 23:36:45,2016-01-04 23:40:00,1,-73.99,40.74,-73.99,40.75,N,195
id3276909,2,2016-01-04 22:32:58,2016-01-04 22:59:51,3,-73.79,40.64,-73.965,40.715,N,1613
id0426296,2,2016-01-04 22:49:20,2016-01-04 23:04:56,1,-73.92,40.7,-73.97500000000001,40.695,N,936
id1072750,1,2016-01-04 23:29:35,2016-01-04 23:51:01,1,-73.995,40.730000000000004,-73.95,40.660000000000004,N,1286
id1371220,2,2016-01-04 22:01:36,2016-01-04 22:26:56,1,-74.005,40.74,-73.955,40.800000000000004,N,1520
id2937058,2,2016-01-04 22:01:37,2016-01-04 22:15:35,2,-74.005,40.725,-73.97,40.69,N,838
id3477544,1,2016-01-04 23:58:48,2016-01-05 00:18:42,1,-73.865,40.77,-74.005,40.725,N,1194
id1010887,1,2016-01-04 23:51:32,2016-01-05 00:00:51,2,-73.865,40.77,-73.91,40.76,N,559
id1559743,2,2016-01-04 21:20:13,2016-01-04 21:22:32,1,-73.98,40.775,-73.97500000000001,40.78,N,139
id2155484,1,2016-01-04 21:03:20,2016-01-04 21:08:14,2,-73.99,40.765,-73.98,40.78,N,294
id1328105,1,2016-01-04 22:48:37,2016-01-04 23:16:10,1,-73.78,40.645,-73.95,40.68,N,1653
id2209944,2,2016-01-04 21:24:13,2016-01-04 21:29:33,1,-73.97500000000001,40.745,-73.99,40.75,N,320
id0975965,2,2016-01-04 22:38:59,2016-01-04 23:05:47,2,-73.875,40.775,-74.015,40.715,N,1608
id0201486,1,2016-01-04 21:20:50,2016-01-04 21:30:46,1,-74.01,40.705,-73.97500000000001,40.75,N,596
id2133446,1,2016-01-04 21:13:58,2016-01-04 21:15:58,1,-73.97,40.765,-73.97,40.77,N,120
id0453399,1,2016-01-04 22:43:32,2016-01-04 22:49:21,1,-73.97,40.76,-73.98,40.775,N,349
id0738454,1,2016-01-04 22:27:06,2016-01-04 23:05:46,1,-73.79,40.645,-73.97500000000001,40.78,N,2320
id1882304,1,2016-01-04 21:37:04,2016-01-04 21:49:00,1,-73.98,40.76,-74.005,40.725,N,716
id2183733,2,2016-01-04 22:45:04,2016-01-04 22:54:42,1,-73.985,40.765,-74.0,40.74,N,578
id0533574,1,2016-01-04 21:03:51,2016-01-04 21:13:33,1,-73.99,40.725,-73.99,40.75,N,582
id0805335,1,2016-01-04 22:56:53,2016-01-04 23:09:31,1,-73.96000000000001,40.775,-73.99,40.75,N,758
id3253021,1,2016-01-04 21:18:02,2016-01-04 21:22:22,1,-73.965,40.77,-73.97,40.76,N,260
id0709496,2,2016-01-04 21:18:00,2016-01-04 21:34:58,1,-73.96000000000001,40.71,-74.005,40.745,N,1018
id2205662,2,2016-01-04 23:30:27,2016-01-04 23:54:37,1,-73.98,40.765,-74.005,40.675000000000004,N,1450
id0386574,1,2016-01-04 22:27:59,2016-01-04 22:44:12,1,-74.005,40.705,-73.95,40.725,N,973
id0596201,1,2016-01-04 21:44:36,2016-01-04 21:50:20,1,-73.985,40.745,-73.965,40.76,N,344
id2265341,2,2016-01-04 21:55:36,2016-01-04 22:13:33,1,-73.98,40.745,-73.94500000000001,40.805,N,1077
id1295193,1,2016-01-04 21:43:03,2016-01-04 21:51:21,1,-73.955,40.78,-73.98,40.78,N,498
id2172018,1,2016-01-04 22:37:55,2016-01-04 22:57:44,1,-73.875,40.775,-73.995,40.730000000000004,N,1189
id2973372,2,2016-01-04 22:09:41,2016-01-04 22:21:51,1,-74.01,40.72,-73.995,40.755,N,730
id3844287,2,2016-01-04 23:30:51,2016-01-04 23:49:10,6,-73.87,40.775,-73.935,40.85,N,1099
id0671187,1,2016-01-04 23:44:16,2016-01-04 23:48:49,1,-73.94500000000001,40.795,-73.95,40.79,N,273
id1337358,2,2016-01-04 22:30:25,2016-01-04 22:40:22,1,-73.97500000000001,40.765,-74.0,40.74,N,597
id0776180,1,2016-01-04 21:33:58,2016-01-04 21:50:40,1,-73.865,40.77,-73.96000000000001,40.715,N,1002
id0189386,2,2016-01-04 22:22:49,2016-01-04 22:27:15,1,-73.97,40.75,-73.98,40.735,N,266
id1808214,1,2016-01-04 22:10:29,2016-01-04 22:27:54,1,-73.98,40.76,-73.95,40.825,N,1045
id1323743,2,2016-01-04 23:05:30,2016-01-04 23:10:54,1,-74.0,40.735,-73.985,40.730000000000004,N,324
id1970145,1,2016-01-04 21:13:08,2016-01-04 21:30:30,1,-73.995,40.725,-73.96000000000001,40.78,N,1042
id2006931,2,2016-01-04 21:37:13,2016-01-04 21:46:37,1,-73.99,40.725,-73.98,40.75,N,564
id2574526,1,2016-01-04 22:09:10,2016-01-04 22:16:06,2,-73.98,40.76,-73.995,40.75,N,416
id0365276,1,2016-01-04 22:31:27,2016-01-04 22:33:28,1,-73.98,40.74,-73.97500000000001,40.745,N,121
id2008310,2,2016-01-04 21:51:06,2016-01-04 22:01:23,1,-73.99,40.75,-73.97,40.75,N,617
id0531505,1,2016-01-04 21:21:06,2016-01-04 21:35:08,1,-74.01,40.71,-73.98,40.75,N,842
id2960585,1,2016-01-04 23:06:52,2016-01-04 23:14:30,1,-73.98,40.745,-73.995,40.725,N,458
id2179819,1,2016-01-04 22:31:29,2016-01-04 22:34:45,2,-73.99,40.76,-74.0,40.76,N,196
id3349576,1,2016-01-04 22:12:45,2016-01-04 22:25:41,1,-73.97500000000001,40.735,-73.995,40.75,N,776
id2126855,1,2016-01-04 21:49:00,2016-01-04 22:05:08,3,-73.97500000000001,40.76,-74.02,40.775,N,968
id0311511,2,2016-01-04 21:29:12,2016-01-04 21:43:26,1,-73.995,40.735,-73.98,40.685,N,854
id1965951,1,2016-01-04 23:31:45,2016-01-04 23:37:25,3,-73.99,40.730000000000004,-73.98,40.72,N,340
id1520391,2,2016-01-04 23:05:48,2016-01-04 23:12:25,1,-73.995,40.74,-73.98,40.765,N,397
id3329875,2,2016-01-04 23:44:15,2016-01-05 00:10:05,1,-73.99,40.75,-73.95,40.655,N,1550
id3101611,1,2016-01-04 22:05:50,2016-01-04 22:14:35,1,-73.985,40.75,-73.97,40.75,N,525
id1109122,1,2016-01-04 22:11:15,2016-01-04 22:18:35,1,-73.995,40.745,-73.995,40.730000000000004,N,440
id0115075,2,2016-01-04 21:27:51,2016-01-04 21:35:13,2,-73.985,40.72,-73.97,40.71,N,442
id1245347,1,2016-01-04 21:24:03,2016-01-04 21:25:39,1,-73.96000000000001,40.77,-73.96000000000001,40.775,N,96
id3735919,2,2016-01-04 22:13:15,2016-01-04 22:20:16,6,-73.95,40.77,-73.985,40.730000000000004,N,421
id3144831,2,2016-01-04 23:19:11,2016-01-04 23:26:43,2,-73.98,40.76,-73.985,40.77,N,452
id1919747,1,2016-01-04 22:44:05,2016-01-04 22:50:37,1,-73.965,40.76,-73.985,40.730000000000004,N,392
id0669981,2,2016-01-04 22:21:13,2016-01-04 22:34:18,1,-73.985,40.755,-73.99,40.730000000000004,N,785
id3399217,1,2016-01-04 23:45:53,2016-01-05 00:01:45,1,-73.955,40.69,-74.005,40.730000000000004,N,952
id2766676,1,2016-01-04 21:19:20,2016-01-04 21:25:34,1,-73.97,40.76,-73.985,40.77,N,374
id1278042,2,2016-01-04 21:07:27,2016-01-04 21:12:01,1,-73.98,40.765,-73.99,40.76,N,274
id2074708,1,2016-01-04 22:29:28,2016-01-04 22:40:47,1,-73.985,40.755,-73.97,40.785000000000004,N,679
id3683327,1,2016-01-04 21:10:18,2016-01-04 21:38:58,2,-73.97500000000001,40.76,-73.82000000000001,40.730000000000004,N,1720
id2459455,2,2016-01-04 22:18:11,2016-01-04 22:18:57,1,-73.985,40.745,-73.985,40.74,N,46
id3906356,2,2016-01-04 22:29:32,2016-01-04 22:55:10,1,-73.875,40.775,-73.99,40.75,N,1538
id2725964,2,2016-01-04 22:10:59,2016-01-04 22:22:44,2,-73.98,40.77,-73.955,40.785000000000004,N,705
id0264120,2,2016-01-04 21:40:58,2016-01-04 21:55:54,1,-73.99,40.745,-73.97,40.795,N,896
id1329589,1,2016-01-04 21:56:58,2016-01-04 22:03:31,1,-73.99,40.745,-73.98,40.755,N,393
id1641361,1,2016-01-04 23:49:08,2016-01-04 23:56:06,1,-73.985,40.76,-73.97500000000001,40.785000000000004,N,418
id3607169,1,2016-01-04 22:09:25,2016-01-04 22:15:04,1,-73.98,40.775,-73.99,40.76,N,339
id3388791,1,2016-01-04 21:16:17,2016-01-04 21:24:57,1,-73.97,40.76,-73.985,40.77,N,520
id3857490,2,2016-01-04 21:30:08,2016-01-04 21:35:35,1,-73.99,40.75,-74.005,40.730000000000004,N,327
id0418286,2,2016-01-04 21:49:00,2016-01-04 21:53:45,2,-73.965,40.76,-73.98,40.745,N,285
id0590435,2,2016-01-04 22:29:02,2016-01-04 22:35:40,1,-74.015,40.715,-74.005,40.725,N,398
id2576063,2,2016-01-04 21:32:15,2016-01-04 21:55:53,1,-73.98,40.755,-73.94500000000001,40.82,N,1418
id1346244,2,2016-01-04 21:07:22,2016-01-04 21:18:31,6,-73.98,40.75,-73.985,40.765,N,669
id1904150,1,2016-01-04 21:00:29,2016-01-04 21:03:43,1,-73.97500000000001,40.76,-73.985,40.76,N,194
id3647316,1,2016-01-04 21:25:32,2016-01-04 21:39:10,1,-73.97500000000001,40.79,-73.94500000000001,40.82,N,818
id2592642,1,2016-01-04 21:39:59,2016-01-04 21:58:39,1,-73.955,40.775,-73.985,40.705,N,1120
id0020320,2,2016-01-04 22:49:04,2016-01-04 22:52:04,1,-73.99,40.75,-73.985,40.755,N,180
id3642067,2,2016-01-04 21:22:05,2016-01-04 21:57:44,5,-73.775,40.645,-73.97,40.755,N,2139
id1044615,2,2016-01-04 22:40:09,2016-01-04 22:49:21,1,-74.005,40.730000000000004,-73.99,40.755,N,552
id2505276,1,2016-01-04 21:42:52,2016-01-04 21:50:43,1,-74.0,40.72,-73.955,40.715,N,471
id3922678,2,2016-01-04 22:03:45,2016-01-04 22:23:55,1,-73.865,40.77,-73.96000000000001,40.77,N,1210
id3761576,2,2016-01-04 23:15:13,2016-01-04 23:24:01,3,-73.965,40.800000000000004,-73.95,40.79,N,528
id3253899,2,2016-01-04 23:57:09,2016-01-05 00:14:22,1,-73.955,40.72,-73.98,40.67,N,1033
id1030182,2,2016-01-04 22:55:23,2016-01-04 22:56:48,2,-74.005,40.74,-74.005,40.74,N,85
id1499931,2,2016-01-04 22:37:14,2016-01-04 22:42:24,1,-73.985,40.76,-73.99,40.76,N,310
id2912794,2,2016-01-04 22:28:39,2016-01-04 22:39:27,1,-73.98,40.745,-74.005,40.745,N,648
id2260208,1,2016-01-04 22:09:46,2016-01-04 22:20:35,1,-73.98,40.75,-73.955,40.785000000000004,N,649
id0758304,2,2016-01-04 21:24:25,2016-01-04 21:43:27,1,-73.97500000000001,40.755,-73.995,40.69,N,1142
id1705619,2,2016-01-04 22:16:11,2016-01-04 22:38:23,1,-74.005,40.715,-73.955,40.765,N,1332
id3981294,2,2016-01-04 21:01:59,2016-01-04 21:18:55,1,-74.01,40.715,-73.94500000000001,40.78,N,1016
id3502212,2,2016-01-04 21:56:33,2016-01-04 22:08:31,1,-73.97,40.755,-73.97,40.79,N,718
id0977854,1,2016-01-04 23:16:14,2016-01-04 23:39:10,1,-74.0,40.735,-74.0,40.735,N,1376
id0039226,2,2016-01-04 21:10:50,2016-01-04 21:39:07,1,-73.925,40.805,-73.885,40.865,N,1697
id0167606,1,2016-01-04 22:56:00,2016-01-04 23:00:29,2,-73.98,40.75,-73.99,40.74,N,269
id1166744,2,2016-01-04 22:18:18,2016-01-04 22:19:35,1,-73.98,40.745,-73.985,40.74,N,77
id3187555,1,2016-01-04 21:28:55,2016-01-04 21:43:31,1,-73.995,40.725,-73.97,40.685,N,876
id0756642,2,2016-01-04 23:13:07,2016-01-04 23:36:54,1,-73.97,40.76,-74.0,40.74,N,1427
id3212727,2,2016-01-04 21:54:44,2016-01-04 22:01:02,1,-73.97500000000001,40.765,-73.985,40.75,N,378
id2058111,2,2016-01-04 21:06:29,2016-01-04 21:10:07,1,-73.995,40.74,-74.0,40.730000000000004,N,218
id0061903,2,2016-01-04 22:30:16,2016-01-04 22:47:01,6,-73.99,40.755,-73.96000000000001,40.815,N,1005
id2517696,1,2016-01-04 22:19:39,2016-01-04 22:35:12,1,-74.005,40.745,-73.965,40.765,N,933
id2659417,1,2016-01-04 23:56:34,2016-01-04 23:58:10,1,-73.985,40.76,-73.99,40.76,N,96
id3677951,2,2016-01-04 21:30:37,2016-01-04 21:39:46,5,-73.97500000000001,40.765,-73.99,40.74,N,549
id0237297,2,2016-01-04 21:41:15,2016-01-04 21:48:00,3,-73.98,40.76,-73.97,40.755,N,405
id0573821,1,2016-01-04 23:28:24,2016-01-04 23:44:40,1,-73.875,40.775,-73.995,40.755,N,976
id0730284,1,2016-01-04 21:49:51,2016-01-04 22:02:59,1,-73.985,40.76,-73.94500000000001,40.800000000000004,N,788
id3883601,2,2016-01-04 21:26:07,2016-01-04 21:33:04,1,-73.965,40.76,-73.95,40.785000000000004,N,417
id1482355,1,2016-01-04 23:34:55,2016-01-04 23:46:34,1,-73.985,40.76,-73.98,40.74,N,699
id0158326,2,2016-01-04 21:16:51,2016-01-04 21:22:26,5,-73.97,40.755,-73.955,40.765,N,335
id1560707,2,2016-01-04 21:16:58,2016-01-04 21:20:20,1,-73.98,40.68,-73.98,40.685,N,202
id0939057,2,2016-01-04 21:36:01,2016-01-04 21:39:31,1,-73.98,40.755,-73.98,40.755,N,210
id2668307,1,2016-01-04 23:15:46,2016-01-04 23:20:53,1,-73.97500000000001,40.765,-73.97500000000001,40.76,N,307
id3605074,2,2016-01-04 21:12:45,2016-01-04 21:17:53,1,-73.99,40.755,-73.995,40.745,N,308
id3707504,1,2016-01-04 23:17:15,2016-01-04 23:38:09,2,-73.985,40.735,-73.955,40.75,N,1254
id2095107,2,2016-01-04 23:51:01,2016-01-05 00:00:12,1,-73.98,40.765,-73.995,40.730000000000004,N,551
id3566718,2,2016-01-04 21:02:44,2016-01-04 21:13:16,5,-73.98,40.76,-73.955,40.775,N,632
id3490307,2,2016-01-04 23:04:45,2016-01-04 23:36:26,3,-73.785,40.65,-73.965,40.805,N,1901
id1053318,1,2016-01-04 21:27:45,2016-01-04 21:41:51,1,-73.97,40.76,-74.005,40.730000000000004,N,846
id2513155,1,2016-01-04 23:05:35,2016-01-04 23:35:42,1,-73.99,40.755,-73.885,40.755,N,1807
id1451361,1,2016-01-04 21:38:30,2016-01-04 21:55:21,2,-74.01,40.705,-73.97,40.675000000000004,N,1011
id3314594,2,2016-01-04 22:12:11,2016-01-04 22:19:28,1,-73.98,40.77,-73.995,40.755,N,437
id0757347,2,2016-01-04 23:28:31,2016-01-04 23:31:09,1,-73.97500000000001,40.745,-73.98,40.74,N,158
id1802120,2,2016-01-04 23:18:16,2016-01-04 23:31:24,2,-73.99,40.725,-73.96000000000001,40.77,N,788
id1912958,1,2016-01-04 23:02:25,2016-01-04 23:07:43,1,-73.99,40.735,-73.98,40.74,N,318
id1908167,1,2016-01-04 21:57:11,2016-01-04 22:01:29,1,-73.995,40.755,-74.005,40.75,N,258
id2685388,1,2016-01-04 22:47:26,2016-01-04 22:58:46,1,-74.005,40.730000000000004,-73.97500000000001,40.75,N,680
id0286033,2,2016-01-04 21:37:39,2016-01-04 21:55:24,1,-73.995,40.695,-73.94,40.69,N,1065
id3909181,1,2016-01-04 22:57:09,2016-01-04 23:02:02,4,-73.98,40.77,-73.985,40.76,N,293
id0827243,2,2016-01-04 23:46:54,2016-01-04 23:49:09,3,-73.995,40.735,-74.0,40.74,N,135
id2415302,1,2016-01-04 21:06:34,2016-01-04 21:30:41,1,-73.785,40.645,-73.905,40.77,N,1447
id2018893,1,2016-01-04 23:11:26,2016-01-04 23:29:07,1,-73.95,40.775,-73.99,40.730000000000004,N,1061
id1217752,2,2016-01-04 21:39:05,2016-01-04 21:55:28,1,-73.97,40.755,-73.995,40.735,N,983
id0770948,1,2016-01-04 22:34:13,2016-01-04 22:44:00,1,-73.985,40.745,-73.995,40.76,N,587
id2329612,1,2016-01-04 22:32:02,2016-01-04 22:50:36,1,-73.99,40.725,-73.96000000000001,40.660000000000004,N,1114
id1010662,2,2016-01-04 22:12:58,2016-01-04 22:23:25,5,-73.995,40.725,-73.955,40.71,N,627
id0360120,2,2016-01-04 21:13:37,2016-01-04 21:53:58,1,-73.79,40.645,-74.005,40.71,N,2421
id2250389,2,2016-01-04 22:10:42,2016-01-04 22:24:07,1,-73.99,40.730000000000004,-73.98,40.765,N,805
id0339465,1,2016-01-04 21:14:22,2016-01-04 21:26:21,2,-73.875,40.775,-73.88,40.75,N,719
id1763659,2,2016-01-04 22:56:37,2016-01-04 22:59:43,3,-74.015,40.715,-74.005,40.715,N,186
id1803541,1,2016-01-04 22:59:45,2016-01-04 23:03:15,1,-73.995,40.75,-74.005,40.745,N,210
id3164751,1,2016-01-04 23:59:52,2016-01-05 00:41:16,1,-73.995,40.76,-73.76,40.660000000000004,N,2484
id1893413,1,2016-01-04 22:29:14,2016-01-04 22:38:44,2,-73.97,40.755,-73.985,40.765,N,570
id0736654,2,2016-01-04 22:58:39,2016-01-04 23:12:45,5,-74.005,40.74,-73.985,40.705,N,846
id3808936,2,2016-01-04 21:02:36,2016-01-04 21:06:31,2,-73.94,40.71,-73.95,40.715,N,235
id3551708,2,2016-01-04 21:15:57,2016-01-04 21:22:20,1,-73.995,40.74,-73.97500000000001,40.735,N,383
id1828650,2,2016-01-04 22:10:24,2016-01-04 22:13:43,4,-73.97,40.79,-73.97500000000001,40.795,N,199
id1741660,1,2016-01-04 21:35:24,2016-01-04 21:43:01,1,-73.985,40.76,-73.98,40.75,N,457
id1245700,2,2016-01-04 23:13:01,2016-01-04 23:18:20,5,-73.985,40.76,-74.005,40.745,N,319
id2782497,1,2016-01-04 23:14:23,2016-01-04 23:21:19,1,-73.985,40.765,-74.0,40.745,N,416
id2355560,2,2016-01-04 22:02:29,2016-01-04 22:07:42,1,-73.98,40.775,-73.97,40.765,N,313
id2614781,1,2016-01-04 23:45:15,2016-01-05 00:11:45,1,-73.98,40.765,-73.91,40.815,N,1590
id1393772,1,2016-01-04 22:59:11,2016-01-04 23:14:01,1,-73.94500000000001,40.83,-74.005,40.745,N,890
id2595101,1,2016-01-04 21:14:10,2016-01-04 21:27:27,1,-73.985,40.765,-73.94500000000001,40.78,N,797
id3661908,2,2016-01-04 22:15:11,2016-01-04 22:21:08,6,-73.965,40.77,-73.96000000000001,40.76,N,357
id0953613,1,2016-01-04 23:22:08,2016-01-04 23:34:41,1,-74.005,40.74,-73.97500000000001,40.765,N,753
id2181793,1,2016-01-04 22:12:32,2016-01-04 22:19:29,1,-73.965,40.77,-73.95,40.78,N,417
id3159035,1,2016-01-04 21:39:18,2016-01-04 21:46:27,2,-73.99,40.755,-73.985,40.75,N,429
id0939323,1,2016-01-04 21:50:16,2016-01-04 21:54:01,3,-73.985,40.76,-73.98,40.75,N,225
id0099924,1,2016-01-04 23:54:43,2016-01-05 00:08:32,2,-73.98,40.77,-73.985,40.74,N,829
id3327884,1,2016-01-04 22:33:24,2016-01-04 22:44:29,1,-73.985,40.735,-74.005,40.74,N,665
id0991882,1,2016-01-04 22:10:08,2016-01-04 22:18:05,1,-73.97,40.765,-73.98,40.755,N,477
id2854695,2,2016-01-04 21:06:51,2016-01-04 21:10:44,2,-73.965,40.675000000000004,-73.955,40.665,N,233
id2412100,2,2016-01-04 21:06:55,2016-01-04 21:42:06,1,-73.78,40.645,-73.97500000000001,40.775,N,2111
id1505356,1,2016-01-04 22:04:37,2016-01-04 22:36:03,1,-73.785,40.645,-73.985,40.730000000000004,N,1886
id2554699,1,2016-01-04 21:57:25,2016-01-04 22:04:15,1,-74.0,40.730000000000004,-73.99,40.725,N,410
id2239623,1,2016-01-04 21:41:37,2016-01-04 21:50:58,1,-73.97500000000001,40.765,-73.99,40.755,N,561
id0774249,1,2016-01-04 22:57:29,2016-01-04 23:22:59,1,-73.99,40.74,-73.87,40.86,N,1530
id1288143,1,2016-01-04 21:08:11,2016-01-04 21:12:30,2,-73.99,40.725,-73.985,40.74,N,259
id3029492,1,2016-01-04 22:20:22,2016-01-04 22:26:20,1,-74.005,40.735,-74.005,40.75,N,358
id3296152,1,2016-01-04 21:54:14,2016-01-04 22:08:01,1,-74.0,40.72,-73.98,40.765,N,827
id1655123,1,2016-01-04 22:47:44,2016-01-04 22:50:37,1,-73.955,40.775,-73.955,40.78,N,173
id3410216,2,2016-01-04 22:22:35,2016-01-04 22:35:03,1,-73.97500000000001,40.755,-74.005,40.705,N,748
id2664806,2,2016-01-04 22:09:44,2016-01-04 22:14:21,1,-73.98,40.785000000000004,-73.97,40.800000000000004,N,277
id2647919,2,2016-01-04 21:17:51,2016-01-04 21:22:34,1,-73.99,40.74,-73.98,40.75,N,283
id3143688,2,2016-01-04 22:22:20,2016-01-04 22:31:17,1,-73.99,40.75,-73.99,40.775,N,537
id1353041,2,2016-01-04 22:00:29,2016-01-04 22:36:42,1,-73.785,40.645,-73.985,40.76,N,2173
id0519834,2,2016-01-04 21:00:25,2016-01-04 21:07:28,1,-73.97,40.76,-73.985,40.765,N,423
id3275780,1,2016-01-04 21:28:09,2016-01-04 21:36:15,1,-73.98,40.76,-73.995,40.735,N,486
id1807670,1,2016-01-04 23:54:31,2016-01-04 23:58:19,2,-74.005,40.745,-74.005,40.75,N,228
id0423189,1,2016-01-04 23:36:16,2016-01-04 23:43:10,1,-73.79,40.64,-73.795,40.67,N,414
id1065313,1,2016-01-04 23:21:55,2016-01-04 23:25:51,1,-73.985,40.755,-73.97500000000001,40.76,N,236
id0471858,2,2016-01-04 22:02:32,2016-01-04 22:05:11,2,-73.97,40.76,-73.97500000000001,40.755,N,159
id1743572,2,2016-01-04 21:53:20,2016-01-04 22:07:31,1,-74.0,40.735,-73.97,40.765,N,851
id0587861,1,2016-01-04 22:59:35,2016-01-04 23:03:15,1,-73.98,40.69,-73.97,40.69,N,220
id3536518,2,2016-01-04 23:03:51,2016-01-04 23:31:06,1,-73.785,40.65,-73.99,40.735,N,1635
id2450236,2,2016-01-04 21:41:56,2016-01-04 21:50:29,5,-74.0,40.725,-74.01,40.705,N,513
id2971901,2,2016-01-04 22:29:55,2016-01-04 22:34:03,1,-73.98,40.76,-73.98,40.77,N,248
id2820049,2,2016-01-04 21:46:32,2016-01-04 21:57:44,1,-73.99,40.77,-73.98,40.745,N,672
id3600914,1,2016-01-04 21:51:47,2016-01-04 22:00:53,2,-73.97500000000001,40.79,-73.985,40.76,N,546
id1769583,2,2016-01-04 23:53:45,2016-01-05 00:05:36,2,-73.985,40.745,-73.955,40.77,N,711
id0772338,2,2016-01-04 21:59:02,2016-01-04 22:12:54,1,-73.99,40.77,-73.94500000000001,40.77,N,832
id2077061,2,2016-01-04 21:35:25,2016-01-04 21:41:33,1,-73.96000000000001,40.77,-73.95,40.77,N,368
id2954587,1,2016-01-04 21:51:42,2016-01-04 21:58:15,1,-74.005,40.74,-73.99,40.755,N,393
id3270934,2,2016-01-04 22:50:33,2016-01-04 22:54:34,1,-73.995,40.74,-74.005,40.74,N,241
id0427815,1,2016-01-04 23:19:58,2016-01-04 23:30:21,4,-73.965,40.76,-73.99,40.755,N,623
id1131944,2,2016-01-04 21:18:53,2016-01-04 21:24:08,1,-73.985,40.745,-74.0,40.735,N,315
id0097052,2,2016-01-04 22:31:57,2016-01-04 22:40:03,1,-73.915,40.855000000000004,-73.91,40.84,N,486
id3034633,1,2016-01-04 23:42:18,2016-01-04 23:45:47,1,-73.985,40.74,-73.98,40.74,N,209
id0681482,2,2016-01-04 23:54:07,2016-01-05 00:04:53,2,-73.985,40.75,-73.95,40.77,N,646
id0318234,2,2016-01-04 22:06:30,2016-01-04 22:25:07,5,-73.875,40.775,-73.865,40.865,N,1117
id3630895,1,2016-01-04 22:20:07,2016-01-04 22:42:02,1,-73.875,40.775,-73.98,40.765,N,1315
id0155622,1,2016-01-04 21:18:36,2016-01-04 21:29:23,2,-73.97500000000001,40.68,-73.955,40.72,N,647
id3459977,1,2016-01-04 22:15:16,2016-01-04 22:20:12,1,-73.98,40.765,-73.99,40.76,N,296
id2364403,1,2016-01-04 22:26:19,2016-01-04 23:03:51,1,-73.79,40.645,-73.98,40.67,N,2252
id1366103,1,2016-01-04 23:23:11,2016-01-04 23:26:15,1,-73.99,40.755,-73.995,40.76,N,184
id3254039,1,2016-01-04 23:14:22,2016-01-04 23:18:52,1,-73.985,40.735,-73.98,40.730000000000004,N,270
id2459666,2,2016-01-04 21:38:08,2016-01-04 21:43:07,2,-73.995,40.730000000000004,-73.98,40.730000000000004,N,299
id3661163,1,2016-01-04 21:19:44,2016-01-04 21:31:10,1,-73.99,40.695,-74.005,40.735,N,686
id3245385,1,2016-01-04 22:29:59,2016-01-04 22:46:26,1,-73.985,40.76,-74.005,40.74,N,987
id3127231,2,2016-01-04 23:27:41,2016-01-04 23:31:33,1,-73.985,40.765,-73.99,40.76,N,232
id3523890,2,2016-01-04 22:07:23,2016-01-04 22:09:54,5,-73.99,40.730000000000004,-73.995,40.735,N,151
id2431960,1,2016-01-04 22:17:54,2016-01-04 22:38:32,2,-73.97500000000001,40.685,-73.985,40.76,N,1238
id1941878,2,2016-01-04 23:41:02,2016-01-04 23:54:58,1,-73.98,40.74,-73.96000000000001,40.72,N,836
id2968848,2,2016-01-04 22:40:55,2016-01-04 22:49:47,1,-74.0,40.735,-73.98,40.75,N,532
id3644086,2,2016-01-04 22:24:16,2016-01-04 22:36:51,1,-73.94500000000001,40.775,-73.96000000000001,40.805,N,755
id3000549,1,2016-01-04 21:06:28,2016-01-04 21:17:51,1,-73.99,40.755,-73.955,40.77,N,683
id2743168,1,2016-01-04 23:22:59,2016-01-04 23:43:22,3,-73.875,40.775,-73.985,40.76,N,1223
id3336705,1,2016-01-04 22:06:37,2016-01-04 22:11:49,1,-73.97,40.755,-73.99,40.765,N,312
id1608234,1,2016-01-04 23:07:48,2016-01-04 23:17:22,1,-73.985,40.755,-73.97,40.79,N,574
id3807642,2,2016-01-04 21:02:56,2016-01-04 21:09:36,1,-73.965,40.76,-73.97500000000001,40.785000000000004,N,400
id3835431,1,2016-01-04 21:33:54,2016-01-04 21:41:49,2,-73.97,40.76,-73.98,40.755,N,475
id2608830,2,2016-01-04 21:19:27,2016-01-04 21:31:53,5,-74.005,40.735,-73.97,40.755,N,746
id0934210,2,2016-01-04 21:57:36,2016-01-04 22:10:50,1,-74.005,40.705,-73.98,40.75,N,794
id3530357,1,2016-01-04 21:54:27,2016-01-04 22:17:39,1,-74.0,40.74,-73.965,40.675000000000004,N,1392
id3906159,1,2016-01-04 21:17:10,2016-01-04 21:34:41,1,-73.865,40.77,-73.96000000000001,40.715,N,1051
id2257354,2,2016-01-04 21:04:56,2016-01-04 21:09:11,1,-73.99,40.76,-74.005,40.745,N,255
id1272414,2,2016-01-04 23:49:19,2016-01-05 00:11:45,1,-73.94500000000001,40.79,-74.0,40.735,N,1346
id0126305,2,2016-01-04 23:17:28,2016-01-04 23:21:43,2,-73.99,40.75,-73.99,40.755,N,255
id2820692,1,2016-01-04 21:16:27,2016-01-04 21:19:11,1,-73.96000000000001,40.765,-73.965,40.76,N,164
id2050144,1,2016-01-04 21:03:07,2016-01-04 21:14:16,1,-74.01,40.72,-73.995,40.755,N,669
id2213681,2,2016-01-04 22:08:30,2016-01-04 22:12:47,1,-73.97500000000001,40.75,-73.98,40.74,N,257
id3696164,2,2016-01-04 21:01:35,2016-01-04 21:06:49,2,-73.99,40.745,-74.0,40.730000000000004,N,314
id3372114,2,2016-01-04 21:24:01,2016-01-04 21:28:15,1,-73.99,40.755,-73.98,40.75,N,254
id1865442,2,2016-01-04 22:16:10,2016-01-04 22:22:11,2,-73.98,40.765,-73.96000000000001,40.775,N,361
id2875419,2,2016-01-04 22:19:43,2016-01-04 22:26:15,1,-73.98,40.76,-73.98,40.745,N,392
id3981420,2,2016-01-04 21:12:06,2016-01-04 21:32:40,1,-74.005,40.745,-73.895,40.85,N,1234
id2108560,1,2016-01-04 23:06:45,2016-01-04 23:12:36,1,-73.97,40.765,-73.965,40.765,N,351
id3375435,1,2016-01-04 23:11:57,2016-01-04 23:22:49,1,-74.01,40.725,-73.985,40.730000000000004,N,652
id2975800,1,2016-01-04 22:24:08,2016-01-04 22:29:28,2,-73.98,40.74,-73.97500000000001,40.755,N,320
id3441265,2,2016-01-04 22:17:18,2016-01-04 22:19:54,2,-73.955,40.78,-73.94,40.795,N,156
id1974770,2,2016-01-04 23:37:33,2016-01-05 00:07:01,1,-73.87,40.775,-73.99,40.665,N,1768
id0478594,1,2016-01-04 21:54:15,2016-01-04 21:55:55,2,-73.97500000000001,40.79,-73.97,40.795,N,100
id1902072,2,2016-01-04 22:10:37,2016-01-04 22:18:41,1,-74.01,40.72,-74.015,40.705,N,484
id1085441,2,2016-01-04 22:37:59,2016-01-04 23:07:01,1,-73.79,40.645,-73.985,40.745,N,1742
id0933049,1,2016-01-04 23:48:44,2016-01-04 23:50:17,1,-74.01,40.725,-74.005,40.730000000000004,N,93
id0502994,2,2016-01-04 23:42:04,2016-01-05 00:03:26,1,-74.01,40.725,-73.95,40.785000000000004,N,1282
id1777770,1,2016-01-04 22:14:35,2016-01-04 22:26:09,1,-73.97500000000001,40.75,-73.955,40.75,N,694
id1156822,1,2016-01-04 22:21:48,2016-01-04 22:32:28,1,-73.97,40.755,-73.985,40.775,N,640
id3447957,2,2016-01-04 23:14:25,2016-01-04 23:37:24,1,-73.775,40.645,-73.95,40.6,N,1379
id1915175,1,2016-01-04 21:46:58,2016-01-04 21:52:59,2,-73.965,40.76,-73.985,40.730000000000004,N,361
id1835546,2,2016-01-04 22:22:27,2016-01-04 22:40:45,3,-73.98,40.785000000000004,-74.005,40.72,N,1098
id3538837,2,2016-01-04 23:55:17,2016-01-05 00:25:00,2,-73.79,40.645,-73.985,40.755,N,1783
id2458454,2,2016-01-04 23:08:56,2016-01-04 23:13:05,1,-73.99,40.745,-73.98,40.755,N,249
id0355426,2,2016-01-04 23:01:17,2016-01-04 23:11:36,1,-73.99,40.725,-73.97500000000001,40.68,N,619
id1833186,1,2016-01-04 22:15:04,2016-01-04 22:17:37,1,-73.965,40.81,-73.97,40.800000000000004,N,153
id2851141,1,2016-01-04 21:48:41,2016-01-04 22:01:56,1,-73.99,40.75,-73.96000000000001,40.76,N,795
id1370308,2,2016-01-04 22:40:49,2016-01-04 22:56:32,2,-73.995,40.72,-73.99,40.765,N,943
id1473571,1,2016-01-04 23:30:48,2016-01-04 23:38:00,2,-73.98,40.77,-73.96000000000001,40.775,N,432
id3279569,2,2016-01-04 23:32:49,2016-01-04 23:51:31,1,-73.79,40.645,-73.65,40.705,N,1122
id1880138,2,2016-01-04 22:21:27,2016-01-04 22:26:31,1,-73.995,40.745,-73.98,40.755,N,304
id3634218,2,2016-01-04 21:02:45,2016-01-04 21:08:44,2,-73.93,40.705,-73.915,40.695,N,359
id0480609,2,2016-01-04 22:15:25,2016-01-04 22:18:30,1,-73.965,40.76,-73.955,40.77,N,185
id3939957,2,2016-01-04 22:33:56,2016-01-04 22:58:00,2,-73.99,40.74,-73.955,40.805,N,1444
id1535559,2,2016-01-04 21:44:41,2016-01-04 21:57:44,1,-73.995,40.725,-73.95,40.715,N,783
id3249018,2,2016-01-04 22:04:02,2016-01-04 22:19:31,1,-74.01,40.715,-73.96000000000001,40.77,N,929
id1605017,2,2016-01-04 21:51:33,2016-01-04 22:03:42,1,-73.99,40.735,-73.97,40.76,N,729
id3601747,1,2016-01-04 21:03:41,2016-01-04 21:10:01,1,-73.98,40.76,-73.97,40.76,N,380
id2788115,2,2016-01-04 23:47:46,2016-01-04 23:59:37,2,-73.865,40.77,-73.82000000000001,40.785000000000004,N,711
id0752519,1,2016-01-04 21:08:10,2016-01-04 21:12:19,1,-73.985,40.730000000000004,-73.99,40.735,N,249
id0171686,1,2016-01-04 23:16:10,2016-01-04 23:20:35,1,-74.0,40.730000000000004,-74.0,40.730000000000004,N,265
id2063368,2,2016-01-04 22:17:14,2016-01-04 22:41:05,2,-73.865,40.77,-74.005,40.71,N,1431
id0498762,2,2016-01-04 23:46:25,2016-01-04 23:49:29,1,-73.79,40.645,-73.94500000000001,40.800000000000004,N,184
id3093385,1,2016-01-04 22:39:42,2016-01-04 23:05:12,1,-74.01,40.71,-73.915,40.675000000000004,N,1530
id0370126,1,2016-01-04 23:27:26,2016-01-04 23:42:18,1,-73.895,40.705,-73.795,40.72,N,892
id2646033,1,2016-01-04 22:52:15,2016-01-04 22:57:55,1,-73.955,40.765,-73.965,40.77,N,340
id1905621,1,2016-01-04 21:19:58,2016-01-04 21:25:31,1,-73.98,40.77,-73.97500000000001,40.79,N,333
id3325917,2,2016-01-04 22:02:39,2016-01-04 22:07:48,1,-73.955,40.785000000000004,-73.96000000000001,40.795,N,309
id1621354,2,2016-01-04 21:03:55,2016-01-04 21:10:23,1,-73.97500000000001,40.745,-73.965,40.76,N,388
id2633842,2,2016-01-04 22:10:01,2016-01-04 22:17:33,1,-73.99,40.74,-73.99,40.755,N,452
id0754121,2,2016-01-04 21:11:07,2016-01-04 21:13:45,2,-73.995,40.725,-73.985,40.725,N,158
id3047860,2,2016-01-04 22:22:40,2016-01-04 22:26:18,2,-73.995,40.755,-73.995,40.755,N,218
id0916915,1,2016-01-04 21:03:13,2016-01-04 21:14:02,1,-73.97500000000001,40.76,-73.995,40.74,N,649
id2478718,2,2016-01-04 23:31:29,2016-01-04 23:44:46,5,-73.99,40.730000000000004,-73.99,40.76,N,797
id1500872,1,2016-01-04 21:35:09,2016-01-04 21:41:05,1,-73.98,40.765,-73.985,40.75,N,356
id0598435,2,2016-01-04 21:00:18,2016-01-04 21:22:53,5,-73.97500000000001,40.765,-73.855,40.730000000000004,N,1355
id0256368,2,2016-01-04 21:15:17,2016-01-04 21:29:40,1,-73.98,40.76,-73.99,40.71,N,863
id0532963,2,2016-01-04 21:39:55,2016-01-04 21:45:48,1,-73.955,40.77,-73.955,40.78,N,353
id2746286,2,2016-01-04 23:05:59,2016-01-04 23:32:10,1,-73.99,40.74,-73.915,40.74,N,1571
id3069844,2,2016-01-04 22:54:17,2016-01-04 23:02:02,1,-73.99,40.715,-74.005,40.72,N,465
id3748059,1,2016-01-04 21:49:14,2016-01-04 21:58:42,1,-73.995,40.75,-73.97500000000001,40.765,N,568
id2846890,2,2016-01-04 21:49:34,2016-01-04 21:54:00,1,-73.97,40.77,-73.985,40.775,N,266
id3416350,2,2016-01-04 21:37:03,2016-01-04 21:50:25,5,-73.99,40.745,-73.95,40.775,N,802
id3253893,1,2016-01-04 21:44:20,2016-01-04 21:49:21,1,-73.96000000000001,40.765,-73.97,40.75,N,301
id3089786,1,2016-01-04 21:30:36,2016-01-04 21:39:54,1,-73.97500000000001,40.755,-73.98,40.715,N,558
id3268875,1,2016-01-04 22:50:12,2016-01-04 22:56:56,2,-73.97500000000001,40.785000000000004,-73.97,40.76,N,404
id0172222,2,2016-01-04 21:53:09,2016-01-04 22:02:40,1,-73.955,40.78,-73.99,40.78,N,571
id3769432,1,2016-01-04 22:02:51,2016-01-04 22:10:37,1,-73.98,40.725,-74.005,40.705,N,466
id0402363,2,2016-01-04 22:36:38,2016-01-04 22:41:15,2,-73.95,40.785000000000004,-73.965,40.79,N,277
id1660087,2,2016-01-04 23:00:53,2016-01-04 23:24:57,2,-74.005,40.730000000000004,-73.95,40.67,N,1444
id2736339,2,2016-01-04 23:28:52,2016-01-05 00:04:24,1,-73.79,40.645,-73.96000000000001,40.655,N,2132
id1775331,2,2016-01-04 22:58:01,2016-01-04 22:58:04,1,-73.97500000000001,40.75,-73.97500000000001,40.75,N,3
id3255495,1,2016-01-04 23:06:17,2016-01-04 23:19:27,1,-74.005,40.725,-73.97500000000001,40.76,N,790
id0272038,2,2016-01-04 22:01:05,2016-01-04 22:08:39,1,-73.985,40.76,-73.97500000000001,40.785000000000004,N,454
id0351576,1,2016-01-04 22:13:32,2016-01-04 22:15:48,1,-73.97500000000001,40.745,-73.98,40.745,N,136
id0185544,2,2016-01-04 21:56:09,2016-01-04 22:01:38,1,-73.97500000000001,40.765,-73.965,40.765,N,329
id0790644,2,2016-01-04 21:36:28,2016-01-04 21:47:45,1,-73.97500000000001,40.76,-73.965,40.800000000000004,N,677
id2412408,2,2016-01-04 23:20:55,2016-01-04 23:28:15,4,-73.985,40.75,-74.0,40.76,N,440
id2901377,1,2016-01-04 22:10:49,2016-01-04 22:46:54,2,-73.79,40.645,-73.995,40.735,N,2165
id2906014,1,2016-01-04 23:35:22,2016-01-04 23:41:10,1,-74.005,40.735,-73.995,40.730000000000004,N,348
id0409013,1,2016-01-04 22:08:00,2016-01-04 22:18:33,1,-73.99,40.735,-73.97500000000001,40.765,N,633
id0512225,2,2016-01-04 21:07:40,2016-01-04 21:20:43,1,-73.98,40.765,-73.985,40.725,N,783
id3412974,1,2016-01-04 21:50:46,2016-01-04 22:07:13,1,-74.0,40.745,-73.98,40.7,N,987
id2948241,1,2016-01-04 22:56:04,2016-01-04 23:08:20,1,-73.97,40.76,-73.925,40.765,N,736
id3219326,1,2016-01-04 22:40:18,2016-01-04 22:48:46,1,-73.99,40.75,-73.965,40.755,N,508
id3488678,2,2016-01-04 22:04:50,2016-01-04 22:17:03,1,-74.01,40.705,-73.99,40.725,N,733
id2341688,2,2016-01-04 22:47:18,2016-01-04 23:01:15,3,-73.995,40.725,-73.965,40.77,N,837
id3183815,1,2016-01-04 23:57:21,2016-01-05 00:14:44,2,-74.0,40.735,-73.965,40.800000000000004,N,1043
id0453345,1,2016-01-04 21:31:14,2016-01-04 21:38:46,1,-73.99,40.745,-73.99,40.730000000000004,N,452
id1269729,2,2016-01-04 21:17:06,2016-01-04 21:28:47,6,-74.005,40.735,-74.015,40.71,N,701
id0902155,2,2016-01-04 22:51:19,2016-01-04 22:57:17,2,-73.985,40.76,-73.995,40.77,N,358
id2480876,2,2016-01-04 22:29:19,2016-01-04 23:06:38,3,-73.79,40.645,-73.965,40.775,N,2239
id3897259,2,2016-01-04 22:42:28,2016-01-04 23:07:21,1,-73.995,40.745,-73.92,40.83,N,1493
id0543611,2,2016-01-04 23:12:25,2016-01-04 23:16:58,2,-73.97,40.765,-73.95,40.775,N,273
id2729472,1,2016-01-04 21:31:04,2016-01-04 22:02:41,1,-73.865,40.77,-73.99,40.76,N,1897
id0397416,1,2016-01-04 23:48:06,2016-01-05 00:05:58,1,-73.875,40.775,-74.005,40.72,N,1072
id3678221,2,2016-01-04 23:15:50,2016-01-04 23:20:39,1,-74.005,40.730000000000004,-74.005,40.745,N,289
id1018628,1,2016-01-04 22:24:50,2016-01-04 22:30:10,1,-73.995,40.730000000000004,-73.98,40.730000000000004,N,320
id3893586,2,2016-01-04 22:06:09,2016-01-04 22:22:37,1,-74.005,40.71,-73.96000000000001,40.785000000000004,N,988
id1372941,2,2016-01-04 21:05:22,2016-01-04 21:09:11,2,-73.985,40.74,-73.995,40.730000000000004,N,229
id0672087,2,2016-01-04 21:23:05,2016-01-04 21:37:47,5,-73.98,40.745,-73.98,40.77,N,882
id0485504,1,2016-01-04 22:28:53,2016-01-04 22:41:42,2,-74.005,40.72,-74.005,40.74,N,769
id3707304,1,2016-01-04 23:38:43,2016-01-04 23:57:05,1,-73.865,40.77,-73.94500000000001,40.835,N,1102
id1882993,1,2016-01-04 22:32:58,2016-01-04 22:58:16,1,-74.005,40.730000000000004,-73.94500000000001,40.82,N,1518
id1468697,2,2016-01-04 22:13:50,2016-01-04 22:17:33,5,-73.98,40.775,-73.97500000000001,40.785000000000004,N,223
id1451063,2,2016-01-04 23:31:43,2016-01-04 23:38:38,5,-74.005,40.745,-73.99,40.745,N,415
id3929588,2,2016-01-04 21:08:56,2016-01-04 21:12:45,1,-73.955,40.775,-73.94,40.795,N,229
id3677175,2,2016-01-04 21:13:44,2016-01-04 21:29:31,5,-73.97,40.755,-74.01,40.735,N,947
id2654191,1,2016-01-04 21:04:50,2016-01-04 21:08:58,1,-74.0,40.725,-74.005,40.735,N,248
id2631406,2,2016-01-04 23:09:20,2016-01-04 23:19:43,1,-74.01,40.705,-73.965,40.755,N,623
id0908679,2,2016-01-04 21:20:29,2016-01-04 21:36:53,3,-74.0,40.725,-73.97,40.75,N,984
id1652898,2,2016-01-04 21:35:16,2016-01-04 21:51:26,1,-74.01,40.705,-73.93,40.800000000000004,N,970
id3400038,2,2016-01-04 23:34:09,2016-01-04 23:36:47,1,-73.955,40.805,-73.955,40.815,N,158
id2712538,1,2016-01-04 23:57:05,2016-01-05 00:04:22,1,-73.99,40.74,-73.97500000000001,40.745,N,437
id3328211,1,2016-01-04 22:24:13,2016-01-04 22:29:20,4,-73.99,40.76,-73.97500000000001,40.755,N,307
id0764211,1,2016-01-04 21:33:35,2016-01-04 21:50:57,1,-73.98,40.785000000000004,-73.96000000000001,40.76,N,1042
id3891905,1,2016-01-04 21:22:37,2016-01-04 21:26:04,1,-73.96000000000001,40.775,-73.95,40.77,N,207
id3014645,2,2016-01-04 21:50:44,2016-01-04 22:25:51,1,-73.97,40.765,-73.99,40.76,N,2107
id3362878,2,2016-01-04 21:34:39,2016-01-04 21:43:50,5,-73.97500000000001,40.765,-73.96000000000001,40.795,N,551
id1600116,1,2016-01-04 22:02:40,2016-01-04 22:09:08,4,-73.985,40.75,-73.97,40.755,N,388
id2727173,1,2016-01-04 21:32:02,2016-01-04 21:46:07,2,-73.99,40.725,-73.95,40.71,N,845
id2178813,1,2016-01-04 23:31:05,2016-01-04 23:37:17,1,-74.0,40.725,-74.0,40.725,N,372
id3139190,2,2016-01-04 21:23:28,2016-01-04 21:26:09,1,-73.985,40.76,-73.99,40.76,N,161
id0255126,1,2016-01-04 23:07:24,2016-01-04 23:41:47,2,-73.79,40.645,-73.955,40.660000000000004,N,2063
id1224284,2,2016-01-04 22:38:35,2016-01-04 22:39:49,1,-73.96000000000001,40.76,-73.96000000000001,40.76,N,74
id1919122,2,2016-01-04 21:34:07,2016-01-04 21:40:51,2,-73.985,40.74,-73.995,40.75,N,404
id2594303,2,2016-01-04 21:08:24,2016-01-04 21:16:23,1,-73.98,40.785000000000004,-73.955,40.785000000000004,N,479
id3805136,1,2016-01-04 21:34:26,2016-01-04 21:53:02,1,-73.99,40.730000000000004,-73.96000000000001,40.815,N,1116
id1752957,1,2016-01-04 22:39:15,2016-01-04 22:45:34,2,-73.97500000000001,40.775,-73.985,40.76,N,379
id0032417,2,2016-01-04 22:38:34,2016-01-04 22:47:58,1,-73.995,40.735,-73.985,40.72,N,564
id3227765,2,2016-01-04 23:18:01,2016-01-04 23:36:41,1,-73.875,40.775,-73.96000000000001,40.77,N,1120
id0723156,1,2016-01-04 23:54:07,2016-01-04 23:58:18,1,-74.005,40.735,-74.005,40.745,N,251
id2797954,2,2016-01-04 21:07:47,2016-01-04 21:15:42,1,-73.97500000000001,40.785000000000004,-73.97500000000001,40.765,N,475
id1766607,1,2016-01-04 21:20:34,2016-01-04 21:28:37,2,-73.97500000000001,40.76,-73.995,40.76,N,483
id3303926,2,2016-01-04 21:59:54,2016-01-04 22:08:06,1,-73.985,40.755,-73.98,40.74,N,492
id0149471,2,2016-01-04 22:25:05,2016-01-04 22:34:20,1,-74.005,40.735,-73.995,40.77,N,555
id3669476,2,2016-01-04 21:01:40,2016-01-04 21:17:18,1,-73.995,40.75,-73.985,40.730000000000004,N,938
id3721111,1,2016-01-04 22:37:01,2016-01-04 22:42:15,1,-73.995,40.75,-73.98,40.745,N,314
id0288799,1,2016-01-04 21:00:24,2016-01-04 21:07:10,1,-73.97500000000001,40.76,-73.995,40.755,N,406
id1783638,2,2016-01-04 22:09:57,2016-01-04 22:12:55,1,-73.985,40.77,-73.985,40.765,N,178
id1717134,2,2016-01-04 23:01:51,2016-01-04 23:16:15,3,-73.985,40.78,-73.925,40.835,N,864
id3642208,2,2016-01-04 22:03:26,2016-01-04 22:07:00,1,-73.885,40.745,-73.885,40.745,N,214
id3950886,1,2016-01-04 22:00:42,2016-01-04 22:38:28,1,-73.98,40.755,-74.22500000000001,40.725,N,2266
id0701354,2,2016-01-04 21:50:38,2016-01-04 22:01:05,1,-73.985,40.745,-74.0,40.745,N,627
id0208305,1,2016-01-04 22:23:20,2016-01-04 22:28:27,1,-73.96000000000001,40.715,-73.955,40.730000000000004,N,307
id1890009,1,2016-01-04 21:18:23,2016-01-04 21:30:37,1,-73.97,40.76,-73.995,40.74,N,734
id2541326,1,2016-01-04 23:55:30,2016-01-05 00:02:22,1,-73.96000000000001,40.715,-73.935,40.725,N,412
id0414083,2,2016-01-04 21:52:07,2016-01-04 22:16:15,5,-73.875,40.775,-73.98,40.76,N,1448
id1896331,1,2016-01-04 23:41:40,2016-01-04 23:48:22,1,-74.005,40.730000000000004,-73.985,40.730000000000004,N,402
id1629354,1,2016-01-04 22:32:55,2016-01-04 22:38:40,1,-73.98,40.725,-73.99,40.725,N,345
id0728183,1,2016-01-04 21:08:59,2016-01-04 21:17:48,2,-73.97,40.76,-73.985,40.735,N,529
id3994091,2,2016-01-04 22:25:48,2016-01-04 22:42:17,1,-73.99,40.765,-74.01,40.705,N,989
id1706519,2,2016-01-04 21:35:12,2016-01-04 21:43:09,1,-73.985,40.77,-74.005,40.74,N,477
id3504906,2,2016-01-04 21:12:08,2016-01-04 21:18:23,1,-73.97500000000001,40.75,-73.99,40.75,N,375
id2508891,2,2016-01-04 21:03:00,2016-01-04 21:06:29,1,-73.97,40.78,-73.98,40.785000000000004,N,209
id3382237,2,2016-01-04 22:16:58,2016-01-04 22:24:25,1,-74.005,40.705,-74.015,40.715,N,447
id0622607,1,2016-01-04 21:38:09,2016-01-04 21:50:19,1,-73.995,40.725,-73.985,40.755,N,730
id2852243,2,2016-01-04 22:21:13,2016-01-04 22:23:38,1,-73.98,40.77,-73.985,40.765,N,145
id2189851,2,2016-01-04 21:13:57,2016-01-04 21:20:16,1,-73.985,40.755,-73.97500000000001,40.765,N,379
id1350690,1,2016-01-04 21:41:43,2016-01-04 21:53:17,1,-73.97500000000001,40.755,-73.99,40.77,N,694
id1868827,2,2016-01-04 22:24:53,2016-01-04 22:29:27,2,-73.96000000000001,40.77,-73.94500000000001,40.78,N,274
id3082049,1,2016-01-04 23:26:52,2016-01-04 23:32:41,1,-73.97500000000001,40.76,-73.985,40.74,N,349
id0290491,1,2016-01-04 22:16:31,2016-01-04 22:27:05,1,-73.875,40.775,-73.815,40.74,N,634
id0192544,2,2016-01-04 22:42:13,2016-01-04 22:53:27,5,-74.01,40.735,-73.98,40.730000000000004,N,674
id3392774,1,2016-01-04 22:08:28,2016-01-04 22:27:44,1,-73.965,40.77,-74.01,40.715,N,1156
id0029142,1,2016-01-04 21:27:00,2016-01-04 21:42:09,2,-73.99,40.725,-73.995,40.75,N,909
id1985582,2,2016-01-04 22:42:04,2016-01-04 22:48:12,4,-73.99,40.76,-73.99,40.75,N,368
id0447583,2,2016-01-04 22:45:01,2016-01-04 22:47:06,6,-73.99,40.72,-73.985,40.725,N,125
id0358741,2,2016-01-04 21:54:10,2016-01-04 22:03:01,5,-74.005,40.71,-73.97500000000001,40.75,N,531
id3396080,2,2016-01-04 22:58:29,2016-01-04 23:01:36,2,-73.97500000000001,40.75,-73.97,40.75,N,187
id1684761,1,2016-01-04 22:08:53,2016-01-04 22:12:34,2,-73.97,40.785000000000004,-73.98,40.785000000000004,N,221
id2387217,2,2016-01-04 21:10:12,2016-01-04 21:15:05,1,-73.96000000000001,40.77,-73.965,40.765,N,293
id3627232,1,2016-01-04 21:50:51,2016-01-04 22:20:31,2,-73.775,40.645,-73.92,40.705,N,1780
id1328425,1,2016-01-04 21:34:31,2016-01-04 21:47:13,3,-73.995,40.76,-73.98,40.735,N,762
id1779695,2,2016-01-04 21:48:36,2016-01-04 22:13:54,3,-73.875,40.775,-74.01,40.74,N,1518
id1060978,1,2016-01-04 21:54:42,2016-01-04 21:55:57,1,-73.955,40.77,-73.95,40.775,N,75
id1983795,1,2016-01-04 21:58:55,2016-01-04 22:09:12,1,-73.97500000000001,40.755,-74.0,40.730000000000004,N,617
id1902577,2,2016-01-04 23:23:20,2016-01-04 23:34:32,1,-73.97500000000001,40.745,-73.985,40.755,N,672
id2279415,1,2016-01-04 23:32:29,2016-01-04 23:42:46,1,-73.87,40.775,-73.865,40.77,N,617
id2757006,2,2016-01-04 21:08:21,2016-01-04 21:49:23,1,-73.97,40.765,-73.94500000000001,40.645,N,2462
id2939221,2,2016-01-04 22:13:59,2016-01-04 22:35:19,1,-73.875,40.775,-73.98,40.765,N,1280
id1849800,2,2016-01-04 21:59:16,2016-01-04 22:10:17,5,-73.96000000000001,40.715,-73.995,40.685,N,661
id2082339,2,2016-01-04 23:40:44,2016-01-04 23:42:44,1,-73.97500000000001,40.74,-73.97500000000001,40.75,N,120
id0567966,2,2016-01-04 23:19:12,2016-01-04 23:22:49,1,-73.99,40.735,-73.98,40.74,N,217
id1363908,2,2016-01-04 23:23:50,2016-01-04 23:28:42,2,-73.955,40.78,-73.94,40.79,N,292
id0216184,2,2016-01-04 23:49:30,2016-01-04 23:59:40,2,-73.995,40.72,-73.95,40.71,N,610
id3624661,1,2016-01-04 22:18:33,2016-01-04 22:27:05,1,-73.98,40.76,-73.955,40.775,N,512
id3839686,1,2016-01-04 23:00:28,2016-01-04 23:29:02,1,-73.875,40.775,-74.0,40.725,N,1714
id3411555,2,2016-01-04 22:16:10,2016-01-04 22:33:28,1,-74.01,40.72,-73.97500000000001,40.755,N,1038
id2261682,1,2016-01-04 23:31:17,2016-01-04 23:37:43,1,-73.98,40.755,-73.99,40.765,N,386
id1590944,1,2016-01-04 22:59:31,2016-01-04 23:15:33,1,-73.95,40.775,-73.93,40.855000000000004,N,962
id0702065,2,2016-01-04 21:51:58,2016-01-04 22:08:57,1,-73.99,40.74,-73.955,40.775,N,1019
id2907694,1,2016-01-04 21:59:44,2016-01-04 22:15:42,1,-73.78,40.645,-73.845,40.725,N,958
id3602909,2,2016-01-04 23:31:20,2016-01-04 23:51:40,2,-73.995,40.725,-73.93,40.7,N,1220
id1887924,2,2016-01-04 21:54:33,2016-01-04 22:00:08,1,-73.99,40.75,-73.99,40.755,N,335
id2550078,2,2016-01-04 22:16:43,2016-01-04 22:22:41,1,-73.97500000000001,40.755,-73.995,40.745,N,358
id3228376,1,2016-01-04 21:42:40,2016-01-04 21:46:11,1,-73.95,40.775,-73.95,40.78,N,211
id1878225,2,2016-01-04 21:11:07,2016-01-04 21:13:13,1,-73.97500000000001,40.75,-73.97,40.75,N,126
id2102471,2,2016-01-04 22:09:53,2016-01-04 22:15:38,2,-73.99,40.76,-74.005,40.76,N,345
id0769655,2,2016-01-04 21:04:54,2016-01-04 21:16:20,3,-73.955,40.765,-73.98,40.76,N,686
id2993444,2,2016-01-04 22:43:46,2016-01-04 22:53:10,1,-73.97,40.76,-73.99,40.730000000000004,N,564
id1256002,2,2016-01-04 22:07:22,2016-01-04 22:17:50,1,-74.0,40.730000000000004,-73.97500000000001,40.76,N,628
id1983399,2,2016-01-04 21:27:06,2016-01-04 21:52:59,5,-73.99,40.76,-73.93,40.705,N,1553
id0962009,2,2016-01-04 21:22:21,2016-01-04 21:37:16,2,-73.99,40.730000000000004,-73.96000000000001,40.715,N,895
id2868867,1,2016-01-04 22:34:45,2016-01-04 22:51:38,1,-73.99,40.76,-74.015,40.705,N,1013
id0283889,2,2016-01-04 23:45:40,2016-01-04 23:57:27,1,-73.965,40.775,-73.99,40.755,N,707
id2474689,2,2016-01-04 22:35:30,2016-01-04 22:47:51,1,-73.97500000000001,40.74,-74.01,40.71,N,741
id2018047,1,2016-01-04 23:11:23,2016-01-04 23:13:39,1,-73.99,40.755,-74.0,40.76,N,136
id1698538,2,2016-01-04 22:38:32,2016-01-04 22:57:32,1,-74.01,40.72,-73.935,40.7,N,1140
id2476170,1,2016-01-04 21:53:27,2016-01-04 22:01:53,1,-73.92,40.755,-73.88,40.76,N,506
id0119929,2,2016-01-04 21:21:21,2016-01-04 21:38:50,5,-73.865,40.77,-73.805,40.79,N,1049
id3645437,2,2016-01-04 22:28:30,2016-01-04 22:33:01,3,-74.005,40.725,-73.99,40.745,N,271
id2172196,2,2016-01-04 21:34:36,2016-01-04 21:40:10,4,-73.98,40.76,-73.97500000000001,40.755,N,334
id2780215,1,2016-01-04 23:38:57,2016-01-04 23:43:10,1,-73.96000000000001,40.755,-73.97,40.755,N,253
id0152397,2,2016-01-04 23:04:21,2016-01-04 23:08:29,5,-74.0,40.735,-74.01,40.72,N,248
id0739309,2,2016-01-04 21:41:38,2016-01-04 21:45:13,1,-73.98,40.755,-73.97500000000001,40.75,N,215
id0074983,1,2016-01-04 22:05:55,2016-01-04 22:14:50,2,-73.98,40.77,-73.98,40.755,N,535
id2216424,1,2016-01-04 23:03:09,2016-01-04 23:20:07,1,-73.965,40.775,-73.995,40.725,N,1018
id3825128,1,2016-01-04 22:42:06,2016-01-04 22:51:03,1,-73.99,40.75,-73.97500000000001,40.735,N,537
id0872267,2,2016-01-04 21:19:38,2016-01-04 21:55:51,5,-73.79,40.64,-74.01,40.705,N,2173
id3143525,2,2016-01-04 21:29:00,2016-01-04 21:40:08,1,-73.965,40.76,-73.99,40.765,N,668
id1408999,2,2016-01-04 22:44:27,2016-01-04 23:04:38,1,-73.98,40.735,-73.895,40.745,N,1211
id1712299,2,2016-01-04 22:46:31,2016-01-04 22:50:34,1,-73.995,40.74,-74.005,40.75,N,243
id2681303,1,2016-01-04 21:41:42,2016-01-04 21:48:18,1,-74.0,40.725,-73.99,40.725,N,396
id0108263,1,2016-01-04 21:57:33,2016-01-04 22:17:54,1,-73.97500000000001,40.79,-73.98,40.735,N,1221
id3975303,1,2016-01-04 22:12:53,2016-01-04 22:18:28,2,-73.985,40.735,-73.985,40.725,N,335
id0338172,1,2016-01-04 22:23:24,2016-01-04 22:35:58,1,-73.97500000000001,40.75,-74.005,40.715,N,754
id0755616,1,2016-01-04 21:59:59,2016-01-04 22:16:46,1,-74.0,40.730000000000004,-73.95,40.775,N,1007
id2211825,2,2016-01-04 22:23:15,2016-01-04 22:27:36,5,-73.99,40.76,-73.98,40.76,N,261
id1990350,2,2016-01-04 21:59:40,2016-01-04 22:09:57,5,-74.005,40.730000000000004,-74.01,40.71,N,617
id0554887,1,2016-01-04 21:36:01,2016-01-04 21:58:49,1,-73.97500000000001,40.765,-73.94,40.83,N,1368
id2918798,1,2016-01-04 22:26:08,2016-01-04 22:33:50,1,-73.97500000000001,40.755,-73.95,40.785000000000004,N,462
id2347235,1,2016-01-04 21:34:47,2016-01-04 21:46:18,1,-73.97,40.79,-73.935,40.82,N,691
id3674843,1,2016-01-04 21:48:50,2016-01-04 21:59:59,1,-73.99,40.730000000000004,-73.99,40.755,N,669
id2819362,1,2016-01-04 21:17:06,2016-01-04 21:32:49,1,-73.995,40.75,-73.96000000000001,40.77,N,943
id1988414,1,2016-01-04 21:05:40,2016-01-04 21:15:19,1,-74.005,40.75,-73.98,40.74,N,579
id1770646,1,2016-01-04 23:50:12,2016-01-04 23:55:36,4,-73.995,40.725,-74.0,40.730000000000004,N,324
id3922960,2,2016-01-04 22:08:08,2016-01-04 22:23:00,1,-73.995,40.74,-73.98,40.730000000000004,N,892
id1348836,2,2016-01-04 21:02:08,2016-01-04 21:11:26,2,-73.97500000000001,40.765,-73.96000000000001,40.76,N,558
id3440704,1,2016-01-04 23:22:05,2016-01-04 23:24:38,1,-73.865,40.77,-73.865,40.77,N,153
id3636607,2,2016-01-04 21:44:54,2016-01-04 21:53:07,1,-73.985,40.745,-73.99,40.755,N,493
id1258014,1,2016-01-04 23:32:35,2016-01-04 23:39:36,1,-73.99,40.735,-73.985,40.725,N,421
id2656297,1,2016-01-04 21:07:35,2016-01-04 21:11:06,1,-74.01,40.71,-74.015,40.71,N,211
id1266450,1,2016-01-04 23:31:18,2016-01-04 23:42:16,2,-73.955,40.77,-73.925,40.81,N,658
id3695523,1,2016-01-04 23:40:24,2016-01-04 23:47:36,1,-74.005,40.72,-74.0,40.74,N,432
id2391690,1,2016-01-04 21:53:44,2016-01-04 22:25:51,1,-73.95,40.78,-73.83500000000001,40.715,N,1927
id0848016,1,2016-01-04 22:11:20,2016-01-04 22:16:59,1,-73.98,40.77,-73.97500000000001,40.76,N,339
id1303440,2,2016-01-04 23:43:25,2016-01-04 23:46:23,1,-73.98,40.730000000000004,-73.97500000000001,40.74,N,178
id0540050,1,2016-01-04 21:45:48,2016-01-04 21:54:58,1,-73.995,40.74,-73.99,40.725,N,550
id3093890,1,2016-01-04 22:23:06,2016-01-04 22:28:52,1,-73.96000000000001,40.78,-73.97,40.795,N,346
id1499576,2,2016-01-04 22:40:22,2016-01-04 22:46:27,1,-74.005,40.745,-74.005,40.735,N,365
id1322294,1,2016-01-04 21:31:13,2016-01-04 21:48:03,1,-73.98,40.76,-73.995,40.735,N,1010
id1812646,2,2016-01-04 21:50:20,2016-01-04 22:07:35,1,-73.97500000000001,40.75,-74.01,40.735,N,1035
id2652927,1,2016-01-04 21:25:18,2016-01-04 21:30:40,1,-73.965,40.76,-73.925,40.74,N,322
id0180390,1,2016-01-04 23:48:20,2016-01-04 23:54:08,2,-73.985,40.69,-73.97500000000001,40.69,N,348
id2143438,2,2016-01-04 21:46:14,2016-01-04 21:49:56,5,-73.985,40.76,-73.98,40.76,N,222
id2738855,2,2016-01-04 21:36:53,2016-01-04 21:39:25,5,-73.985,40.72,-73.985,40.715,N,152
id1043290,2,2016-01-04 21:21:31,2016-01-04 21:30:09,5,-73.98,40.755,-73.99,40.775,N,518
id0223298,1,2016-01-04 22:09:43,2016-01-04 22:19:42,1,-74.01,40.745,-74.0,40.72,N,599
id0163182,2,2016-01-04 21:37:49,2016-01-04 21:43:18,1,-73.96000000000001,40.78,-73.97500000000001,40.785000000000004,N,329
id0280247,2,2016-01-04 22:48:27,2016-01-04 23:12:35,6,-73.995,40.72,-73.9,40.7,N,1448
id3094877,2,2016-01-04 21:00:01,2016-01-04 21:02:34,5,-73.99,40.745,-73.995,40.75,N,153
id2782501,2,2016-01-04 21:01:25,2016-01-04 21:09:29,6,-73.995,40.735,-73.985,40.72,N,484
id0090617,2,2016-01-04 23:07:03,2016-01-04 23:21:12,1,-73.995,40.745,-73.94,40.79,N,849
id2357082,1,2016-01-04 23:54:33,2016-01-05 00:02:55,1,-73.955,40.77,-73.955,40.79,N,502
id2949119,2,2016-01-04 22:16:03,2016-01-04 22:30:28,1,-74.01,40.705,-73.995,40.76,N,865
id1218680,2,2016-01-04 21:15:03,2016-01-04 21:21:03,5,-73.995,40.755,-73.995,40.755,N,360
id3525509,2,2016-01-04 21:01:19,2016-01-04 21:05:40,1,-74.0,40.745,-73.995,40.735,N,261
id3057660,2,2016-01-04 21:36:27,2016-01-04 21:52:07,5,-74.005,40.75,-73.95,40.83,N,940
id0469942,2,2016-01-04 23:37:04,2016-01-04 23:49:16,1,-73.875,40.775,-73.94500000000001,40.725,N,732
id2601575,1,2016-01-04 21:23:45,2016-01-04 21:37:31,1,-73.97500000000001,40.755,-74.015,40.71,N,826
id1294023,2,2016-01-04 22:43:30,2016-01-04 22:52:10,2,-73.97,40.75,-73.98,40.775,N,520
id0730222,2,2016-01-04 22:59:24,2016-01-04 23:10:58,1,-73.97500000000001,40.785000000000004,-73.96000000000001,40.77,N,694
id3902599,2,2016-01-04 21:05:01,2016-01-04 21:10:46,6,-73.98,40.735,-73.985,40.725,N,345
id1279862,1,2016-01-04 21:49:48,2016-01-04 22:01:12,1,-73.985,40.76,-73.985,40.730000000000004,N,684
id1859059,2,2016-01-04 21:06:54,2016-01-04 21:31:42,5,-73.78,40.645,-73.85000000000001,40.79,N,1488
id0665400,2,2016-01-04 21:34:39,2016-01-04 21:36:24,1,-73.97,40.76,-73.965,40.76,N,105
id2524734,2,2016-01-04 22:18:24,2016-01-04 22:26:13,6,-73.98,40.785000000000004,-73.985,40.77,N,469
id3941595,1,2016-01-04 22:07:33,2016-01-04 22:26:02,1,-73.98,40.78,-74.015,40.715,N,1109
id2025625,2,2016-01-04 21:04:34,2016-01-04 21:12:44,3,-74.0,40.735,-73.98,40.75,N,490
id1043613,1,2016-01-04 21:24:05,2016-01-04 21:45:55,2,-73.775,40.645,-73.85000000000001,40.72,N,1310
id0018086,2,2016-01-04 22:52:47,2016-01-04 23:00:52,1,-73.98,40.745,-73.96000000000001,40.765,N,485
id2702770,1,2016-01-04 22:02:01,2016-01-04 22:10:17,1,-74.005,40.735,-73.98,40.76,N,496
id1863360,2,2016-01-04 21:30:14,2016-01-04 21:33:02,1,-73.955,40.745,-73.95,40.745,N,168
id1367185,1,2016-01-04 23:45:33,2016-01-05 00:06:55,1,-74.0,40.75,-73.935,40.81,N,1282
id0378999,2,2016-01-04 21:05:37,2016-01-04 21:14:01,1,-74.005,40.745,-73.97500000000001,40.785000000000004,N,504
id3301081,1,2016-01-04 23:39:01,2016-01-04 23:46:04,2,-74.0,40.735,-74.0,40.72,N,423
id2232948,1,2016-01-04 21:37:02,2016-01-04 21:38:33,1,-73.935,40.75,-73.935,40.75,N,91
id1672445,1,2016-01-04 21:05:00,2016-01-04 21:11:43,1,-73.98,40.79,-73.96000000000001,40.775,N,403
id1546963,1,2016-01-04 21:57:05,2016-01-04 22:21:32,1,-73.995,40.705,-73.98,40.765,N,1467
id2775627,1,2016-01-04 22:35:44,2016-01-04 22:51:23,1,-73.98,40.77,-74.01,40.735,N,939
id0798811,2,2016-01-04 22:31:51,2016-01-04 22:42:41,1,-73.98,40.765,-73.995,40.735,N,650
id0198391,2,2016-01-04 21:17:09,2016-01-04 21:20:25,2,-73.99,40.76,-74.0,40.75,N,196
id2905886,2,2016-01-04 23:22:20,2016-01-04 23:27:13,6,-73.99,40.72,-73.98,40.725,N,293
id0295645,1,2016-01-04 22:22:54,2016-01-04 22:33:32,1,-73.99,40.74,-73.97500000000001,40.765,N,638
id1512818,1,2016-01-04 21:05:14,2016-01-04 21:11:26,1,-73.97,40.800000000000004,-73.97,40.785000000000004,N,372
id1583651,2,2016-01-04 21:24:22,2016-01-04 21:33:30,5,-73.98,40.765,-73.97,40.765,N,548
id2698429,2,2016-01-04 21:59:45,2016-01-04 22:23:39,6,-73.87,40.775,-73.97,40.795,N,1434
id1784885,2,2016-01-04 22:26:51,2016-01-04 22:30:43,1,-73.955,40.775,-73.97,40.76,N,232
id2559030,2,2016-01-04 22:13:11,2016-01-04 22:27:17,3,-73.99,40.765,-73.94500000000001,40.78,N,846
id3162024,1,2016-01-04 22:13:07,2016-01-04 22:52:31,1,-73.79,40.64,-73.985,40.765,N,2364
id3184352,1,2016-01-04 21:06:15,2016-01-04 21:10:17,2,-73.97,40.765,-73.965,40.76,N,242
id1881667,2,2016-01-04 22:05:54,2016-01-04 22:24:21,2,-73.865,40.77,-73.94500000000001,40.78,N,1107
id3482176,1,2016-01-04 23:03:59,2016-01-04 23:08:38,1,-73.97500000000001,40.76,-73.965,40.77,N,279
id2018647,1,2016-01-04 21:37:18,2016-01-04 21:41:10,2,-73.99,40.76,-73.995,40.75,N,232
id1540978,2,2016-01-04 22:21:12,2016-01-04 22:26:00,2,-73.98,40.660000000000004,-73.97500000000001,40.65,N,288
id0201530,1,2016-01-04 22:28:04,2016-01-04 22:30:51,1,-74.01,40.74,-74.005,40.745,N,167
id0138773,2,2016-01-04 22:39:53,2016-01-04 22:58:41,1,-74.0,40.735,-73.955,40.775,N,1128
id1652974,1,2016-01-04 21:38:43,2016-01-04 21:48:38,1,-73.98,40.785000000000004,-73.95,40.77,N,595
id1362388,1,2016-01-04 22:52:29,2016-01-04 23:07:03,2,-73.985,40.755,-73.96000000000001,40.800000000000004,N,874
id2437147,2,2016-01-04 23:43:34,2016-01-04 23:57:09,1,-73.95,40.78,-73.92,40.765,N,815
id2331704,1,2016-01-04 21:55:41,2016-01-04 22:12:54,1,-73.985,40.765,-74.005,40.705,N,1033
id2275282,2,2016-01-04 21:08:38,2016-01-04 21:19:12,2,-73.97,40.795,-73.94,40.785000000000004,N,634
id0384021,1,2016-01-04 23:14:47,2016-01-04 23:29:16,4,-73.985,40.75,-73.95,40.775,N,869
id0608697,2,2016-01-04 22:21:36,2016-01-04 22:36:35,1,-73.97500000000001,40.74,-73.98,40.72,N,899
id2310905,1,2016-01-04 22:31:52,2016-01-04 22:40:05,4,-74.005,40.730000000000004,-73.99,40.745,N,493
id1804584,2,2016-01-04 22:27:47,2016-01-04 23:00:53,4,-73.78,40.645,-73.96000000000001,40.655,N,1986
id1014424,1,2016-01-04 22:52:26,2016-01-04 23:02:45,1,-73.995,40.725,-74.005,40.745,N,619
id2444809,1,2016-01-04 21:21:28,2016-01-04 21:27:57,2,-73.965,40.77,-73.965,40.77,N,389
id1428976,2,2016-01-04 21:01:14,2016-01-04 21:19:17,1,-73.97500000000001,40.755,-73.985,40.72,N,1083
id1203939,1,2016-01-04 21:18:33,2016-01-04 21:25:34,1,-73.98,40.775,-73.965,40.77,N,421
id0831219,1,2016-01-04 21:31:35,2016-01-04 21:38:00,1,-73.98,40.765,-73.96000000000001,40.775,N,385
id3083169,2,2016-01-04 23:08:00,2016-01-04 23:33:04,1,-74.0,40.735,-73.925,40.76,N,1504
id0293397,2,2016-01-04 21:34:01,2016-01-04 22:06:52,1,-74.0,40.730000000000004,-73.89,40.635,N,1971
id0230382,1,2016-01-04 21:51:30,2016-01-04 22:01:22,2,-73.98,40.765,-73.99,40.745,N,592
id2180363,2,2016-01-04 22:41:00,2016-01-04 22:48:49,1,-73.97500000000001,40.785000000000004,-73.97,40.795,N,469
id1138216,2,2016-01-04 21:33:45,2016-01-04 21:34:41,4,-73.97500000000001,40.785000000000004,-73.97,40.79,N,56
id3844420,1,2016-01-04 22:27:15,2016-01-04 22:30:01,2,-73.97500000000001,40.75,-73.98,40.745,N,166
id0287525,1,2016-01-04 21:42:38,2016-01-04 22:01:30,1,-73.925,40.685,-73.94,40.695,N,1132
id2706198,1,2016-01-04 21:18:00,2016-01-04 21:28:26,1,-73.995,40.76,-74.005,40.735,N,626
id1895447,2,2016-01-04 23:53:43,2016-01-05 00:25:47,1,-74.005,40.745,-73.97500000000001,40.605000000000004,N,1924
id0869927,1,2016-01-04 21:39:41,2016-01-04 21:44:26,3,-73.99,40.755,-73.985,40.765,N,285
id3236925,1,2016-01-04 23:19:09,2016-01-04 23:26:06,1,-73.985,40.725,-73.995,40.72,N,417
id0115372,2,2016-01-04 22:52:51,2016-01-04 22:59:43,1,-73.97,40.76,-73.955,40.785000000000004,N,412
id0929455,2,2016-01-04 22:22:53,2016-01-04 22:28:39,3,-73.99,40.75,-73.98,40.74,N,346
id3965652,2,2016-01-04 23:50:28,2016-01-05 00:08:34,1,-73.955,40.77,-73.995,40.755,N,1086
id0926390,1,2016-01-04 22:43:59,2016-01-04 22:50:48,1,-73.97,40.76,-73.95,40.775,N,409
id0396853,1,2016-01-04 21:44:44,2016-01-04 21:50:39,1,-73.995,40.765,-73.99,40.745,N,355
id1975274,1,2016-01-04 22:08:59,2016-01-04 22:13:05,1,-74.005,40.730000000000004,-74.0,40.730000000000004,N,246
id2379378,1,2016-01-04 21:42:29,2016-01-04 21:55:50,1,-73.985,40.730000000000004,-74.015,40.71,N,801
id3611747,1,2016-01-04 21:28:54,2016-01-04 22:05:34,2,-73.985,40.76,-73.79,40.645,N,2200
id1094056,2,2016-01-04 22:31:38,2016-01-04 22:36:43,2,-73.97,40.755,-73.96000000000001,40.77,N,305
id2810297,1,2016-01-04 21:46:34,2016-01-04 21:51:20,1,-73.97,40.75,-73.955,40.765,N,286
id0418246,2,2016-01-04 23:01:47,2016-01-04 23:09:09,5,-73.99,40.75,-73.98,40.745,N,442
id0610295,2,2016-01-04 22:23:53,2016-01-04 22:28:09,1,-73.99,40.75,-74.0,40.755,N,256
id1570356,2,2016-01-04 23:13:36,2016-01-04 23:29:03,6,-73.985,40.77,-73.97500000000001,40.76,N,927
id2899353,1,2016-01-04 22:23:12,2016-01-04 22:42:10,1,-73.97,40.76,-73.985,40.695,N,1138
id2430235,2,2016-01-04 23:27:50,2016-01-04 23:30:30,6,-73.995,40.76,-73.985,40.76,N,160
id0837970,1,2016-01-04 21:47:03,2016-01-04 22:22:38,1,-73.79,40.645,-73.98,40.76,N,2135
id3703196,2,2016-01-04 22:55:09,2016-01-04 23:11:58,2,-73.775,40.645,-73.845,40.715,N,1009
id0888605,1,2016-01-04 22:35:12,2016-01-04 23:27:28,1,-73.995,40.730000000000004,-73.905,40.635,N,3136
id0820066,1,2016-01-04 22:58:14,2016-01-04 23:07:42,1,-73.98,40.775,-73.95,40.77,N,568
id0146440,2,2016-01-04 21:04:20,2016-01-04 21:08:52,5,-73.98,40.75,-73.985,40.755,N,272
id2918669,2,2016-01-04 23:40:36,2016-01-04 23:55:37,1,-73.98,40.755,-73.92,40.745,N,901
id3253286,2,2016-01-04 21:45:46,2016-01-04 21:50:16,1,-73.985,40.765,-73.99,40.775,N,270
id3076816,2,2016-01-04 22:31:03,2016-01-04 22:48:57,1,-73.875,40.775,-74.005,40.745,N,1074
id3822761,1,2016-01-04 23:15:12,2016-01-04 23:27:11,1,-73.98,40.76,-73.965,40.800000000000004,N,719
id2185683,1,2016-01-04 22:00:31,2016-01-04 22:14:06,3,-73.985,40.75,-73.95,40.785000000000004,N,815
id3066872,1,2016-01-04 23:07:34,2016-01-04 23:10:17,1,-73.985,40.76,-73.985,40.76,N,163
id0705910,2,2016-01-04 21:07:24,2016-01-04 21:17:47,2,-73.955,40.77,-73.98,40.74,N,623
id1537298,1,2016-01-04 23:23:59,2016-01-04 23:41:30,3,-73.87,40.775,-73.925,40.85,N,1051
id3414795,1,2016-01-04 22:28:25,2016-01-04 22:36:39,1,-73.98,40.755,-74.0,40.735,N,494
id1112373,1,2016-01-04 22:17:04,2016-01-04 22:23:21,1,-73.995,40.745,-73.995,40.765,N,377
id1980355,1,2016-01-04 22:23:41,2016-01-04 22:26:47,1,-73.95,40.77,-73.96000000000001,40.775,N,186
id1686482,2,2016-01-04 23:26:11,2016-01-04 23:31:35,1,-73.99,40.755,-73.99,40.745,N,324
id2284453,2,2016-01-04 22:51:33,2016-01-04 23:11:03,5,-73.97500000000001,40.695,-73.94,40.785000000000004,N,1170
id3368830,1,2016-01-04 21:01:33,2016-01-04 21:07:20,1,-73.995,40.725,-74.0,40.735,N,347
id3589609,1,2016-01-04 21:15:14,2016-01-04 21:18:57,1,-73.99,40.76,-73.98,40.76,N,223
id3176763,2,2016-01-04 22:43:24,2016-01-04 22:47:16,1,-73.985,40.75,-73.98,40.75,N,232
id2332295,1,2016-01-04 23:33:16,2016-01-04 23:41:36,1,-73.94500000000001,40.75,-73.93,40.745,N,500
id0777386,2,2016-01-04 21:35:33,2016-01-04 21:39:06,1,-73.97500000000001,40.76,-73.985,40.76,N,213
id2786211,1,2016-01-04 21:35:55,2016-01-04 21:45:10,3,-73.985,40.77,-73.97500000000001,40.755,N,555
id1930089,2,2016-01-04 23:45:55,2016-01-05 00:05:09,1,-73.98,40.76,-73.925,40.77,N,1154
id1138252,2,2016-01-04 21:38:17,2016-01-04 21:47:38,1,-73.99,40.735,-73.98,40.72,N,561
id0435247,1,2016-01-04 22:30:48,2016-01-04 22:55:23,1,-74.005,40.735,-73.93,40.695,N,1475
id2383780,2,2016-01-04 21:10:54,2016-01-04 21:17:49,2,-73.99,40.75,-73.97500000000001,40.745,N,415
id1896214,1,2016-01-04 23:37:44,2016-01-04 23:46:48,1,-73.98,40.78,-73.99,40.75,N,544
id0921944,1,2016-01-04 21:59:17,2016-01-04 22:14:09,1,-73.985,40.72,-73.99,40.755,N,892
id1672652,1,2016-01-04 21:50:59,2016-01-04 21:55:14,2,-74.0,40.715,-74.01,40.715,N,255
id3123798,2,2016-01-04 22:22:21,2016-01-04 22:31:01,1,-73.98,40.755,-73.96000000000001,40.77,N,520
id1503018,2,2016-01-04 23:35:44,2016-01-04 23:48:56,2,-73.97500000000001,40.765,-73.95,40.81,N,792
id0675840,2,2016-01-04 23:08:33,2016-01-04 23:26:50,1,-73.98,40.74,-73.98,40.775,N,1097
id0689828,2,2016-01-04 22:49:45,2016-01-04 23:05:47,1,-73.985,40.745,-73.94500000000001,40.775,N,962
id0258541,1,2016-01-04 22:44:54,2016-01-04 22:58:00,1,-73.875,40.775,-73.97,40.75,N,786
id0790434,1,2016-01-04 21:12:23,2016-01-04 21:28:24,1,-73.97500000000001,40.755,-73.985,40.695,N,961
id1088069,1,2016-01-04 22:46:43,2016-01-04 22:52:01,1,-73.97,40.765,-73.98,40.77,N,318
id2840773,2,2016-01-04 21:37:12,2016-01-04 21:43:30,1,-74.01,40.71,-74.0,40.725,N,378
id3416058,1,2016-01-04 22:31:17,2016-01-04 22:35:56,1,-73.985,40.76,-73.98,40.76,N,279
id0221623,2,2016-01-04 21:01:08,2016-01-04 21:08:58,1,-73.955,40.775,-73.94,40.805,N,470
id0805854,1,2016-01-04 21:53:07,2016-01-04 22:06:56,1,-74.015,40.71,-73.955,40.77,N,829
id3836524,2,2016-01-04 23:11:13,2016-01-04 23:17:59,1,-74.0,40.745,-73.985,40.765,N,406
id1467837,2,2016-01-04 22:21:56,2016-01-04 22:37:17,1,-74.0,40.725,-73.985,40.77,N,921
id1241918,1,2016-01-04 23:06:24,2016-01-04 23:09:34,3,-73.995,40.75,-74.005,40.755,N,190
id0100302,2,2016-01-04 22:33:12,2016-01-04 22:43:49,6,-73.96000000000001,40.765,-73.98,40.730000000000004,N,637
id2874911,1,2016-01-04 21:02:19,2016-01-04 21:20:02,1,-73.97500000000001,40.755,-73.99,40.72,N,1063
id3146192,2,2016-01-04 21:15:40,2016-01-04 21:21:38,1,-73.97500000000001,40.755,-73.985,40.745,N,358
id3423086,2,2016-01-04 22:13:46,2016-01-04 22:21:54,1,-73.99,40.74,-73.99,40.77,N,488
id1421039,2,2016-01-04 22:25:42,2016-01-04 22:27:38,5,-73.98,40.77,-73.98,40.775,N,116
id1483771,2,2016-01-04 22:23:58,2016-01-04 22:31:00,3,-74.0,40.735,-74.0,40.745,N,422
id0102462,2,2016-01-04 23:08:33,2016-01-04 23:24:05,2,-73.94500000000001,40.785000000000004,-73.98,40.725,N,932
id1948396,1,2016-01-04 21:21:45,2016-01-04 21:33:30,1,-74.005,40.705,-73.97500000000001,40.75,N,705
id3505062,2,2016-01-04 22:00:39,2016-01-04 22:09:45,6,-73.98,40.755,-74.005,40.74,N,546
id2808889,1,2016-01-04 21:06:24,2016-01-04 21:11:26,1,-73.98,40.735,-73.995,40.730000000000004,N,302
id1152057,2,2016-01-04 23:03:34,2016-01-04 23:12:08,1,-73.985,40.72,-73.99,40.735,N,514
id1945566,2,2016-01-04 23:37:57,2016-01-04 23:43:58,2,-73.97,40.76,-73.99,40.75,N,361
id2414985,1,2016-01-04 23:11:49,2016-01-04 23:14:25,1,-74.005,40.705,-74.015,40.7,N,156
id0559547,1,2016-01-04 23:45:45,2016-01-05 00:15:02,1,-73.78,40.645,-73.98,40.725,N,1757
id3693849,2,2016-01-04 23:22:46,2016-01-04 23:55:52,1,-73.995,40.745,-73.96000000000001,40.62,N,1986
id3122870,2,2016-01-04 21:48:28,2016-01-04 21:57:48,1,-73.96000000000001,40.765,-73.98,40.74,N,560
id2141649,2,2016-01-04 22:53:39,2016-01-04 23:01:55,6,-73.985,40.735,-74.005,40.730000000000004,N,496
id2207349,1,2016-01-04 23:31:54,2016-01-04 23:57:01,4,-73.985,40.730000000000004,-73.925,40.87,N,1507
id2509159,2,2016-01-04 23:31:38,2016-01-04 23:54:11,1,-73.96000000000001,40.775,-73.89,40.75,N,1353
id0554999,1,2016-01-04 21:43:18,2016-01-04 22:03:51,1,-73.865,40.77,-74.005,40.705,N,1233
id1977006,1,2016-01-04 21:11:59,2016-01-04 21:23:40,1,-73.955,40.765,-73.97500000000001,40.795,N,701
id3522766,1,2016-01-04 21:35:05,2016-01-04 21:38:15,1,-73.99,40.76,-74.0,40.755,N,190
id1340091,1,2016-01-04 21:38:36,2016-01-04 21:47:10,2,-73.99,40.755,-73.985,40.745,N,514
id0368192,1,2016-01-04 22:12:05,2016-01-04 22:25:38,1,-73.98,40.78,-73.995,40.745,N,813
id1883852,1,2016-01-04 21:37:25,2016-01-04 21:38:26,1,-73.965,40.795,-73.97,40.79,N,61
id1128255,2,2016-01-04 21:52:48,2016-01-04 22:09:23,1,-73.97,40.76,-73.99,40.69,N,995
id2553865,2,2016-01-04 21:31:47,2016-01-04 21:36:58,2,-73.96000000000001,40.71,-73.955,40.72,N,311
id0116839,2,2016-01-04 21:49:09,2016-01-04 22:02:00,1,-73.985,40.76,-73.99,40.730000000000004,N,771
id3610069,2,2016-01-04 21:05:05,2016-01-04 21:15:55,1,-73.995,40.72,-73.94,40.71,N,650
id3686839,1,2016-01-04 22:30:02,2016-01-04 22:39:13,1,-73.98,40.76,-73.95,40.77,N,551
id0364722,1,2016-01-04 21:24:35,2016-01-04 21:31:08,1,-73.97,40.76,-73.97500000000001,40.745,N,393
id1824897,2,2016-01-04 21:43:04,2016-01-04 21:54:25,6,-73.965,40.78,-73.99,40.755,N,681
id3271082,2,2016-01-04 21:21:34,2016-01-04 21:32:56,1,-73.97500000000001,40.76,-73.98,40.725,N,682
id3658361,2,2016-01-04 21:15:25,2016-01-04 21:22:59,1,-73.97,40.755,-73.96000000000001,40.775,N,454
id2094412,2,2016-01-04 23:35:56,2016-01-04 23:59:06,1,-73.98,40.77,-73.92,40.74,N,1390
id0354688,2,2016-01-04 23:45:11,2016-01-04 23:52:15,1,-73.98,40.75,-73.985,40.765,N,424
id0801494,2,2016-01-04 22:11:23,2016-01-04 22:45:22,5,-73.79,40.645,-73.98,40.765,N,2039
id2787481,1,2016-01-04 22:07:26,2016-01-04 22:19:05,1,-73.98,40.77,-73.965,40.755,N,699
id3189250,2,2016-01-04 21:54:29,2016-01-04 21:56:53,4,-73.99,40.74,-73.985,40.745,N,144
id1244338,2,2016-01-04 21:32:50,2016-01-04 21:36:43,1,-73.99,40.735,-74.0,40.725,N,233
id1173332,2,2016-01-04 21:17:16,2016-01-04 21:25:14,1,-73.95,40.79,-73.95,40.800000000000004,N,478
id3348854,2,2016-01-04 22:21:50,2016-01-04 22:26:01,6,-74.005,40.705,-74.0,40.715,N,251
id1826738,2,2016-01-04 23:41:15,2016-01-04 23:55:48,2,-73.99,40.725,-73.995,40.695,N,873
id2385115,2,2016-01-04 21:02:13,2016-01-04 21:29:41,1,-74.0,40.74,-73.955,40.775,N,1648
id3827297,1,2016-01-04 22:46:18,2016-01-04 22:58:58,2,-73.99,40.735,-73.955,40.77,N,760
id1121328,1,2016-01-04 23:03:08,2016-01-04 23:08:26,1,-73.995,40.730000000000004,-73.995,40.745,N,318
id0396938,2,2016-01-04 21:59:55,2016-01-04 22:03:18,3,-73.95,40.77,-73.965,40.755,N,203
id3318402,2,2016-01-04 21:42:39,2016-01-04 21:48:46,1,-73.985,40.76,-73.98,40.775,N,367
id2245931,1,2016-01-04 22:23:52,2016-01-04 22:51:02,1,-74.01,40.74,-74.08,40.6,N,1630
id3063671,1,2016-01-04 21:23:14,2016-01-04 21:50:45,1,-73.99,40.725,-73.91,40.685,N,1651
id2116261,2,2016-01-04 21:37:55,2016-01-04 21:42:22,2,-73.98,40.76,-73.98,40.755,N,267
id1126713,2,2016-01-04 21:35:44,2016-01-04 21:40:15,1,-73.98,40.765,-73.99,40.77,N,271
id1235903,1,2016-01-04 21:29:00,2016-01-04 21:38:40,1,-73.97,40.76,-73.995,40.745,N,580
id3091001,1,2016-01-04 21:34:02,2016-01-04 21:44:12,1,-74.005,40.72,-73.98,40.72,N,610
id0141363,2,2016-01-04 22:21:01,2016-01-04 22:37:58,1,-73.97500000000001,40.765,-73.905,40.76,N,1017
id2277576,2,2016-01-04 22:06:08,2016-01-04 22:15:53,5,-74.0,40.730000000000004,-73.995,40.74,N,585
id3399308,2,2016-01-04 22:18:14,2016-01-04 22:28:56,1,-73.99,40.75,-73.97,40.755,N,642
id2910017,2,2016-01-04 22:03:18,2016-01-04 22:09:21,1,-73.97500000000001,40.755,-73.965,40.76,N,363
id0626923,2,2016-01-04 21:04:03,2016-01-04 21:12:15,1,-73.97500000000001,40.755,-73.995,40.745,N,492
id2582785,1,2016-01-04 21:31:10,2016-01-04 21:46:52,2,-73.94500000000001,40.775,-73.995,40.695,N,942
id3074098,1,2016-01-04 21:11:15,2016-01-04 21:24:44,2,-73.97500000000001,40.75,-73.995,40.705,N,809
id1524809,2,2016-01-04 21:19:29,2016-01-04 21:26:44,1,-73.97500000000001,40.745,-73.985,40.75,N,435
id2657569,2,2016-01-04 21:51:41,2016-01-04 21:57:33,2,-73.97500000000001,40.785000000000004,-73.98,40.775,N,352
id0282928,2,2016-01-04 22:41:27,2016-01-04 23:10:43,6,-74.005,40.745,-73.925,40.695,N,1756
id2256847,2,2016-01-04 22:47:43,2016-01-04 22:58:59,1,-73.94500000000001,40.79,-73.97500000000001,40.745,N,676
id0409049,2,2016-01-04 21:21:25,2016-01-04 21:56:57,5,-73.775,40.645,-74.0,40.730000000000004,N,2132
id3060802,2,2016-01-04 23:26:10,2016-01-04 23:36:33,2,-73.97,40.76,-73.99,40.745,N,623
id2762573,2,2016-01-04 22:17:06,2016-01-04 22:25:19,1,-73.995,40.75,-73.99,40.77,N,493
id0900598,1,2016-01-04 23:40:01,2016-01-04 23:57:25,4,-74.005,40.74,-73.98,40.76,N,1044
id3731867,1,2016-01-04 22:47:32,2016-01-04 22:58:22,1,-73.97500000000001,40.75,-74.0,40.725,N,650
id2044878,2,2016-01-04 21:53:27,2016-01-04 21:56:34,1,-73.99,40.695,-73.98,40.695,N,187
id2742283,1,2016-01-04 23:46:37,2016-01-05 00:01:35,2,-74.0,40.730000000000004,-73.985,40.78,N,898
id2735847,2,2016-01-04 22:28:39,2016-01-04 22:35:14,1,-73.99,40.735,-73.99,40.75,N,395
id2317740,1,2016-01-04 21:19:26,2016-01-04 21:29:41,1,-73.985,40.76,-74.005,40.730000000000004,N,615
id1219670,1,2016-01-04 21:15:13,2016-01-04 21:22:08,1,-73.985,40.74,-73.99,40.725,N,415
id2848896,2,2016-01-04 22:45:25,2016-01-04 22:52:31,1,-74.005,40.72,-73.99,40.72,N,426
id1986886,2,2016-01-04 23:30:31,2016-01-04 23:32:39,1,-73.99,40.725,-73.98,40.730000000000004,N,128
id0214778,2,2016-01-04 21:06:13,2016-01-04 21:11:58,1,-73.96000000000001,40.77,-73.955,40.785000000000004,N,345
id0098655,1,2016-01-04 22:25:24,2016-01-04 22:41:08,2,-73.99,40.765,-73.97500000000001,40.730000000000004,N,944
id3373438,2,2016-01-04 23:50:48,2016-01-05 00:05:23,5,-73.875,40.775,-73.965,40.795,N,875
id3109477,2,2016-01-04 23:19:06,2016-01-04 23:28:49,1,-73.95,40.71,-73.95,40.745,N,583
id1895560,2,2016-01-04 22:39:01,2016-01-04 22:50:58,6,-73.97500000000001,40.75,-74.01,40.705,N,717
id0498428,2,2016-01-04 22:03:42,2016-01-04 22:10:24,2,-73.98,40.76,-73.99,40.76,N,402
id1461167,2,2016-01-04 22:44:33,2016-01-04 22:49:39,1,-73.99,40.745,-73.99,40.730000000000004,N,306
id1386493,2,2016-01-04 21:35:16,2016-01-04 21:48:31,1,-73.99,40.765,-73.98,40.735,N,795
id2784676,1,2016-01-04 22:33:47,2016-01-04 22:36:23,1,-73.965,40.685,-73.97,40.695,N,156
id3804233,2,2016-01-04 22:08:01,2016-01-04 22:18:49,2,-74.005,40.74,-73.99,40.765,N,648
id0061326,2,2016-01-04 22:35:14,2016-01-04 22:59:27,1,-74.01,40.72,-73.94500000000001,40.685,N,1453
id0851016,1,2016-01-04 22:55:27,2016-01-04 23:26:01,1,-73.79,40.64,-73.99,40.730000000000004,N,1834
id2580788,1,2016-01-04 23:40:36,2016-01-04 23:43:37,1,-73.98,40.75,-73.985,40.76,N,181
id2886478,2,2016-01-04 22:50:59,2016-01-04 22:56:44,1,-73.98,40.76,-73.96000000000001,40.765,N,345
id3824763,1,2016-01-04 22:04:43,2016-01-04 22:29:08,1,-73.955,40.78,-73.885,40.75,N,1465
id0834661,1,2016-01-04 22:11:28,2016-01-04 22:19:10,1,-74.0,40.74,-73.995,40.765,N,462
id2008098,2,2016-01-04 23:03:34,2016-01-04 23:11:19,5,-73.98,40.78,-73.955,40.805,N,465
id2514634,1,2016-01-04 21:15:34,2016-01-04 21:27:10,1,-73.99,40.730000000000004,-73.99,40.75,N,696
id3728648,2,2016-01-04 23:33:59,2016-01-04 23:39:18,1,-73.985,40.74,-73.99,40.725,N,319
id2768054,2,2016-01-04 22:14:12,2016-01-04 22:37:41,1,-73.87,40.775,-74.01,40.72,N,1409
id3802619,2,2016-01-04 22:37:06,2016-01-04 22:47:03,2,-73.97500000000001,40.76,-73.93,40.795,N,597
id0799567,1,2016-01-04 21:54:05,2016-01-04 21:55:30,1,-73.97500000000001,40.79,-73.97500000000001,40.795,N,85
id1038507,2,2016-01-04 22:43:04,2016-01-04 22:48:19,1,-73.97,40.755,-73.96000000000001,40.755,N,315
id0125360,1,2016-01-04 21:08:58,2016-01-04 21:33:56,1,-74.0,40.745,-73.92,40.765,N,1498
id1187078,2,2016-01-04 21:24:14,2016-01-04 21:30:19,1,-74.01,40.715,-74.005,40.735,N,365
id3241482,1,2016-01-04 23:01:44,2016-01-04 23:10:58,1,-73.98,40.745,-73.95,40.77,N,554
id0861014,2,2016-01-04 22:02:56,2016-01-04 22:18:54,1,-73.875,40.775,-73.96000000000001,40.695,N,958
id0100876,1,2016-01-04 21:03:55,2016-01-04 21:34:22,1,-73.995,40.735,-73.97500000000001,40.645,N,1827
id3983186,1,2016-01-04 21:25:45,2016-01-04 21:29:05,1,-73.99,40.730000000000004,-73.98,40.72,N,200
id3912511,1,2016-01-04 21:40:17,2016-01-04 21:43:13,1,-73.965,40.755,-73.955,40.77,N,176
id1778487,2,2016-01-04 23:01:01,2016-01-04 23:22:46,1,-73.875,40.775,-74.0,40.745,N,1305
id0050610,2,2016-01-04 23:52:54,2016-01-05 00:09:59,5,-73.865,40.77,-73.95,40.795,N,1025
id2268032,1,2016-01-04 22:17:04,2016-01-04 22:18:43,1,-73.985,40.77,-73.985,40.77,N,99
id1189542,2,2016-01-04 22:56:46,2016-01-04 23:06:50,1,-73.96000000000001,40.800000000000004,-73.94,40.800000000000004,N,604
id0124274,1,2016-01-04 23:43:29,2016-01-04 23:50:58,1,-73.965,40.755,-73.985,40.730000000000004,N,449
id3972292,2,2016-01-04 21:22:39,2016-01-04 21:31:20,1,-73.98,40.74,-73.99,40.725,N,521
id1033911,1,2016-01-04 21:12:22,2016-01-04 21:25:33,1,-73.985,40.745,-73.97500000000001,40.78,N,791
id3237151,1,2016-01-04 21:03:56,2016-01-04 21:11:21,2,-73.97500000000001,40.725,-73.99,40.72,N,445
id3678488,2,2016-01-04 23:05:38,2016-01-04 23:08:02,1,-73.98,40.78,-73.985,40.78,N,144
id3240448,2,2016-01-04 22:00:13,2016-01-04 22:02:49,1,-73.97500000000001,40.765,-73.97,40.765,N,156
id3154671,2,2016-01-04 22:52:34,2016-01-04 23:01:17,2,-74.015,40.71,-73.99,40.71,N,523
id0985856,2,2016-01-04 22:54:52,2016-01-04 23:16:40,5,-73.99,40.715,-73.91,40.68,N,1308
id3322127,1,2016-01-04 22:09:41,2016-01-04 22:21:16,1,-73.98,40.79,-73.94500000000001,40.82,N,695
id0681917,1,2016-01-04 23:32:14,2016-01-04 23:39:58,3,-73.96000000000001,40.77,-73.985,40.745,N,464
id3277663,1,2016-01-04 23:01:17,2016-01-04 23:09:49,1,-73.985,40.745,-73.955,40.765,N,512
id0550539,2,2016-01-04 23:52:22,2016-01-04 23:56:12,1,-73.985,40.765,-73.97500000000001,40.76,N,230
id3290731,2,2016-01-04 22:06:07,2016-01-04 22:35:21,1,-73.985,40.77,-73.93,40.695,N,1754
id1827678,2,2016-01-04 22:54:17,2016-01-04 22:58:17,6,-73.99,40.725,-74.0,40.735,N,240
id2492789,2,2016-01-04 23:27:21,2016-01-04 23:48:21,1,-73.965,40.76,-73.855,40.725,N,1260
id0193443,2,2016-01-04 22:25:51,2016-01-04 22:40:50,1,-73.97500000000001,40.755,-73.985,40.78,N,899
id3505541,1,2016-01-04 21:17:43,2016-01-04 21:37:50,1,-73.955,40.78,-74.0,40.730000000000004,N,1207
id0648419,2,2016-01-04 23:28:04,2016-01-04 23:33:59,1,-73.94,40.79,-73.95,40.79,N,355
id3889422,2,2016-01-04 21:18:35,2016-01-04 21:26:01,5,-73.98,40.765,-73.96000000000001,40.76,N,446
id0476027,2,2016-01-04 23:33:32,2016-01-04 23:37:46,2,-74.01,40.715,-74.0,40.735,N,254
id2766075,2,2016-01-04 21:28:41,2016-01-04 21:36:52,1,-73.99,40.745,-74.0,40.76,N,491
id0600271,1,2016-01-04 21:11:58,2016-01-04 21:16:38,1,-74.005,40.730000000000004,-74.005,40.725,Y,280
id2417660,1,2016-01-04 22:10:39,2016-01-04 22:28:57,1,-73.985,40.76,-73.92,40.775,N,1098
id3302623,2,2016-01-04 22:33:59,2016-01-04 22:39:42,5,-73.99,40.76,-73.97500000000001,40.755,N,343
id1894745,2,2016-01-04 22:50:32,2016-01-04 22:55:36,5,-73.955,40.775,-73.955,40.775,N,304
id2478753,2,2016-01-04 22:25:57,2016-01-04 22:32:22,1,-73.99,40.72,-74.0,40.725,N,385
id3774853,1,2016-01-04 22:00:45,2016-01-04 22:05:51,2,-74.005,40.725,-74.0,40.735,N,306
id2178927,2,2016-01-04 21:41:24,2016-01-04 21:54:11,2,-73.97500000000001,40.78,-73.925,40.87,N,767
id0962549,2,2016-01-04 22:14:54,2016-01-04 22:32:44,1,-73.985,40.755,-73.95,40.775,N,1070
id2232274,2,2016-01-04 21:54:02,2016-01-04 22:01:00,2,-74.01,40.71,-74.0,40.725,N,418
id1042542,1,2016-01-04 22:42:13,2016-01-04 22:48:28,1,-73.97500000000001,40.735,-73.97,40.75,N,375
id0186270,2,2016-01-04 21:08:24,2016-01-04 21:16:15,2,-73.985,40.730000000000004,-73.99,40.72,N,471
id3733227,2,2016-01-04 21:11:46,2016-01-04 21:21:20,1,-73.985,40.75,-73.97500000000001,40.76,N,574
id0776302,2,2016-01-04 22:59:08,2016-01-04 23:04:04,1,-73.98,40.78,-73.965,40.805,N,296
id3191431,2,2016-01-04 22:01:49,2016-01-04 22:05:48,1,-73.99,40.725,-73.985,40.735,N,239
id1516350,2,2016-01-04 21:33:07,2016-01-04 21:40:24,2,-74.0,40.725,-73.98,40.725,N,437
id1244586,2,2016-01-04 22:49:36,2016-01-04 23:03:01,1,-73.955,40.815,-73.94500000000001,40.795,N,805
id3054648,1,2016-01-04 23:44:43,2016-01-04 23:52:23,1,-73.965,40.765,-73.99,40.755,N,460
id3296928,1,2016-01-04 22:31:49,2016-01-04 22:53:36,1,-73.865,40.77,-74.0,40.675000000000004,N,1307
id3116193,1,2016-01-04 21:54:42,2016-01-04 22:23:15,1,-73.995,40.75,-73.925,40.755,N,1713
id2753000,2,2016-01-04 21:20:43,2016-01-04 21:25:53,1,-73.965,40.765,-73.955,40.775,N,310
id3373697,2,2016-01-04 23:47:18,2016-01-05 00:03:39,1,-73.955,40.77,-73.94500000000001,40.71,N,981
id0510429,2,2016-01-04 21:43:10,2016-01-04 22:07:33,1,-73.985,40.75,-73.93,40.695,N,1463
id1960521,2,2016-01-04 23:25:51,2016-01-04 23:29:06,2,-73.995,40.745,-73.99,40.755,N,195
id1188605,1,2016-01-04 21:35:17,2016-01-04 21:53:26,2,-74.005,40.72,-74.025,40.63,N,1089
id2475736,1,2016-01-04 21:37:31,2016-01-04 21:59:15,3,-73.87,40.775,-73.97,40.79,N,1304
id0183202,1,2016-01-04 21:05:28,2016-01-04 21:20:47,4,-74.01,40.715,-73.985,40.765,N,919
id0422517,1,2016-01-04 21:42:47,2016-01-04 21:49:02,1,-73.97500000000001,40.79,-73.97500000000001,40.775,N,375
id3867477,2,2016-01-04 21:18:12,2016-01-04 21:26:42,6,-74.005,40.75,-74.015,40.715,N,510
id0991720,1,2016-01-04 21:22:12,2016-01-04 21:36:11,1,-73.985,40.755,-74.005,40.730000000000004,N,839
id3226582,2,2016-01-04 23:00:00,2016-01-04 23:03:50,6,-73.965,40.77,-73.955,40.78,N,230
id0195100,2,2016-01-04 21:21:05,2016-01-04 21:47:08,5,-73.985,40.75,-74.18,40.69,N,1563
id2532018,1,2016-01-04 23:21:39,2016-01-04 23:32:38,1,-73.875,40.775,-73.935,40.77,N,659
id1036777,2,2016-01-04 23:53:49,2016-01-05 00:01:14,1,-73.99,40.755,-73.97,40.76,N,445
id3932024,2,2016-01-04 22:43:59,2016-01-04 22:57:57,1,-73.97500000000001,40.76,-74.01,40.715,N,838
id0335276,2,2016-01-04 21:40:07,2016-01-04 21:42:23,2,-73.965,40.755,-73.97,40.76,N,136
id0067527,2,2016-01-04 23:34:23,2016-01-05 00:05:01,6,-73.79,40.645,-73.97500000000001,40.675000000000004,N,1838
id2621724,2,2016-01-04 23:43:28,2016-01-05 00:21:09,6,-73.775,40.645,-73.94,40.715,N,2261
id0889959,1,2016-01-04 23:24:47,2016-01-04 23:30:22,1,-73.97,40.800000000000004,-73.965,40.81,N,335
id0836154,1,2016-01-04 23:40:42,2016-01-04 23:54:20,1,-73.98,40.77,-74.0,40.725,N,818
id1029057,1,2016-01-04 22:30:13,2016-01-04 23:02:09,2,-73.875,40.775,-73.985,40.745,N,1916
id1459039,2,2016-01-04 22:31:53,2016-01-04 22:35:21,3,-73.99,40.76,-73.98,40.765,N,208
id3453596,2,2016-01-04 21:29:42,2016-01-04 21:33:39,1,-73.96000000000001,40.78,-73.94500000000001,40.78,N,237
id2428112,2,2016-01-04 22:17:34,2016-01-05 22:14:00,1,-73.99,40.76,-73.995,40.76,N,86186
id2907422,2,2016-01-04 21:56:46,2016-01-04 22:30:23,1,-73.79,40.645,-73.995,40.7,N,2017
id1027465,2,2016-01-04 21:15:36,2016-01-04 21:20:07,1,-74.0,40.730000000000004,-74.01,40.725,N,271
id0400998,2,2016-01-04 22:49:41,2016-01-04 22:51:22,6,-73.985,40.72,-73.985,40.725,N,101
id2805368,1,2016-01-04 21:47:48,2016-01-04 21:53:04,2,-73.99,40.72,-73.98,40.730000000000004,N,316
id1454992,1,2016-01-04 21:37:03,2016-01-04 21:41:51,1,-73.98,40.76,-73.995,40.76,N,288
id2336397,1,2016-01-04 22:59:27,2016-01-04 23:02:49,2,-74.005,40.735,-73.995,40.74,N,202
id2671002,1,2016-01-04 23:07:19,2016-01-04 23:11:32,1,-73.97500000000001,40.755,-73.98,40.74,N,253
id1673567,2,2016-01-04 21:06:37,2016-01-04 21:40:00,2,-73.79,40.645,-73.95,40.785000000000004,N,2003
id3829374,2,2016-01-04 22:30:56,2016-01-04 22:36:47,4,-73.97500000000001,40.765,-73.96000000000001,40.77,N,351
id3557531,2,2016-01-04 23:00:20,2016-01-04 23:05:45,1,-74.0,40.72,-74.01,40.715,N,325
id1169739,2,2016-01-04 22:10:21,2016-01-04 22:15:49,1,-73.98,40.77,-73.97500000000001,40.765,N,328
id0204913,2,2016-01-04 21:15:42,2016-01-04 21:19:59,1,-73.965,40.77,-73.955,40.78,N,257
id3152657,1,2016-01-04 21:36:15,2016-01-04 22:27:28,1,-73.985,40.76,-73.92,40.615,N,3073
id3201936,1,2016-01-04 21:33:35,2016-01-04 21:44:05,1,-73.97500000000001,40.79,-73.95,40.765,N,630
id3816233,2,2016-01-04 22:27:16,2016-01-04 22:36:16,1,-73.995,40.735,-73.99,40.715,N,540
id2344839,2,2016-01-04 21:53:04,2016-01-04 21:59:33,4,-73.96000000000001,40.775,-73.97500000000001,40.76,N,389
id0755254,1,2016-01-04 21:55:11,2016-01-04 22:10:07,1,-73.98,40.77,-73.955,40.82,Y,896
id2842911,2,2016-01-04 21:48:08,2016-01-04 22:05:37,1,-73.955,40.765,-73.94,40.84,N,1049
id2143445,1,2016-01-04 21:09:41,2016-01-04 21:21:12,1,-73.97,40.76,-73.965,40.79,N,691
id0502771,1,2016-01-04 23:43:52,2016-01-04 23:48:55,1,-73.96000000000001,40.815,-73.955,40.805,N,303
id3183391,1,2016-01-04 22:47:10,2016-01-04 22:52:23,1,-73.955,40.775,-73.97,40.785000000000004,N,313
id0015257,2,2016-01-04 21:54:05,2016-01-04 22:19:00,2,-73.875,40.775,-73.97500000000001,40.67,N,1495
id3639279,1,2016-01-04 21:42:10,2016-01-04 21:53:31,3,-73.98,40.745,-73.985,40.76,N,681
id2926639,1,2016-01-04 22:22:03,2016-01-04 22:34:27,2,-73.995,40.76,-74.0,40.72,N,744
id1316520,1,2016-01-04 21:41:31,2016-01-04 21:52:14,1,-73.965,40.765,-73.96000000000001,40.795,N,643
id1108002,2,2016-01-04 23:12:06,2016-01-04 23:20:26,1,-74.005,40.74,-73.985,40.77,N,500
id2246801,1,2016-01-04 21:15:50,2016-01-04 21:24:44,1,-73.955,40.785000000000004,-73.96000000000001,40.81,N,534
id0273678,1,2016-01-04 21:54:53,2016-01-04 22:15:46,1,-73.97,40.800000000000004,-73.985,40.745,N,1253
id3392674,2,2016-01-04 21:52:30,2016-01-04 21:58:20,1,-73.97,40.765,-73.98,40.77,N,350
id3940257,2,2016-01-04 21:54:28,2016-01-04 22:08:49,1,-73.995,40.725,-73.97,40.755,N,861
id2117381,2,2016-01-04 21:17:40,2016-01-04 21:38:02,1,-73.995,40.715,-73.995,40.755,N,1222
id1869464,2,2016-01-04 21:19:08,2016-01-04 21:22:03,1,-73.98,40.745,-73.98,40.745,N,175
id3909708,1,2016-01-04 21:47:26,2016-01-04 21:52:09,1,-73.97500000000001,40.745,-73.98,40.745,N,283
id3964478,2,2016-01-04 21:37:46,2016-01-04 21:49:27,1,-73.98,40.765,-73.94500000000001,40.775,N,701
id3107373,1,2016-01-04 21:41:52,2016-01-04 21:46:48,1,-73.955,40.775,-73.94,40.79,N,296
id1565884,1,2016-01-04 23:17:05,2016-01-04 23:30:39,1,-74.0,40.76,-73.955,40.805,N,814
id3881071,1,2016-01-04 22:45:30,2016-01-04 23:12:37,1,-73.99,40.755,-73.99,40.660000000000004,N,1627
id1313274,2,2016-01-04 23:46:19,2016-01-04 23:47:57,1,-73.99,40.665,-73.985,40.665,N,98
id3945147,2,2016-01-04 23:54:02,2016-01-05 00:07:02,1,-73.94500000000001,40.825,-73.93,40.86,N,780
id3931516,2,2016-01-04 21:02:16,2016-01-04 21:09:46,2,-73.98,40.775,-73.99,40.755,N,450
id1135537,2,2016-01-04 21:28:46,2016-01-04 21:32:23,2,-73.97500000000001,40.76,-73.97500000000001,40.755,N,217
id3925175,2,2016-01-04 22:14:03,2016-01-04 22:18:11,1,-74.005,40.71,-73.98,40.72,N,248
id3617335,1,2016-01-04 22:56:43,2016-01-04 23:04:59,1,-74.01,40.74,-73.99,40.755,N,496
id3934030,1,2016-01-04 22:42:53,2016-01-04 22:58:47,1,-73.97,40.755,-73.95,40.795,N,954
id3700067,2,2016-01-04 21:24:32,2016-01-04 21:29:15,5,-73.97,40.76,-73.985,40.75,N,283
id3372978,1,2016-01-04 21:18:14,2016-01-04 21:23:18,1,-73.97500000000001,40.75,-73.97500000000001,40.76,N,304
id2312089,2,2016-01-04 21:37:47,2016-01-04 21:50:23,1,-74.0,40.755,-74.03,40.74,N,756
id3717535,1,2016-01-04 23:27:52,2016-01-04 23:30:12,1,-73.99,40.77,-74.0,40.76,N,140
id0880901,2,2016-01-04 21:53:56,2016-01-04 22:19:22,5,-74.005,40.72,-73.95,40.83,N,1526
id2872578,2,2016-01-04 23:03:50,2016-01-04 23:23:39,1,-73.87,40.775,-73.995,40.755,N,1189
id2702464,1,2016-01-04 21:25:47,2016-01-04 21:36:23,1,-73.97,40.76,-73.995,40.730000000000004,N,636
id0288592,1,2016-01-04 22:44:37,2016-01-04 23:00:26,1,-73.98,40.76,-73.915,40.76,N,949
id0685098,2,2016-01-04 23:00:33,2016-01-04 23:24:27,1,-73.985,40.725,-73.98,40.67,N,1434
id3806916,2,2016-01-04 21:02:58,2016-01-04 21:25:16,6,-73.995,40.75,-73.96000000000001,40.695,N,1338
id0434817,1,2016-01-04 21:20:30,2016-01-04 21:33:10,2,-73.95,40.78,-73.985,40.715,N,760
id0624441,1,2016-01-04 22:48:38,2016-01-04 22:54:21,2,-74.005,40.75,-73.99,40.74,N,343
id3104147,1,2016-01-04 23:01:30,2016-01-04 23:05:41,1,-73.955,40.785000000000004,-73.95,40.775,N,251
id3494157,2,2016-01-04 21:13:50,2016-01-04 21:20:40,3,-73.99,40.755,-73.98,40.755,N,410
id2250025,2,2016-01-04 23:27:27,2016-01-04 23:46:02,2,-73.985,40.725,-73.97,40.635,N,1115
id3341777,1,2016-01-04 21:58:22,2016-01-04 22:07:28,1,-74.01,40.71,-74.01,40.74,N,546
id2653325,1,2016-01-04 21:21:35,2016-01-04 21:41:38,1,-73.98,40.765,-73.94500000000001,40.825,N,1203
id3952158,2,2016-01-04 22:26:36,2016-01-04 22:28:19,1,-73.985,40.765,-73.98,40.765,N,103
id1762388,1,2016-01-04 21:55:27,2016-01-04 22:04:19,1,-73.97500000000001,40.74,-73.99,40.75,N,532
id1045216,1,2016-01-04 22:17:57,2016-01-04 22:22:35,2,-73.96000000000001,40.800000000000004,-73.955,40.800000000000004,N,278
id3282723,1,2016-01-04 21:53:31,2016-01-04 22:00:22,1,-73.97500000000001,40.76,-73.99,40.75,N,411
id3982621,1,2016-01-04 21:52:58,2016-01-04 22:01:57,1,-73.99,40.745,-73.99,40.725,N,539
id3687232,1,2016-01-04 21:11:06,2016-01-04 21:16:16,1,-73.985,40.75,-73.985,40.76,N,310
id3722512,2,2016-01-04 21:46:19,2016-01-04 21:50:52,2,-73.995,40.72,-74.0,40.715,N,273
id3004943,1,2016-01-04 21:48:39,2016-01-04 22:14:53,1,-73.985,40.77,-73.85000000000001,40.725,N,1574
id3709359,2,2016-01-04 22:56:50,2016-01-04 23:01:26,1,-74.0,40.74,-73.995,40.74,N,276
id0491517,1,2016-01-04 21:21:58,2016-01-04 21:26:50,2,-73.985,40.755,-73.98,40.765,Y,292
id1079704,2,2016-01-04 22:57:38,2016-01-04 23:00:01,1,-73.99,40.775,-73.985,40.77,N,143
id2088415,2,2016-01-04 22:49:13,2016-01-04 22:52:33,1,-73.885,40.755,-73.87,40.755,N,200
id2699984,2,2016-01-04 21:45:22,2016-01-04 21:48:33,1,-73.98,40.76,-73.99,40.75,N,191
