0,1,2,3,4,5,6,7,8,9,10,11,12,13,14,15,16,17,18,19,20,21,22,23,24,25,26,27,28,29,30,31,32,33,34,35,36,37,38,39,40,41,42,43,44,45,46,47,48,49,50,51,52,53,54,55,56,57,58,59,60,61,62,63,64,65,66,67,68,69,70,71,72,73,74,75,76,77,78,79,80,81,82,83,84,85,86,87,88,89,90,91,92,93,94,95,96,97,98,99,100,101,102,103,104,105,106,107,108,109,110,111,112,113,114,115,116,117,118,119,120,121,122,123,124,125,126,127,128
0,12.8611857929263,0,0,0,0,0,0,0,0,0,0,0,0,0,0,0,8.50541544174771,0,0,0,0,0,0,0,0,0,0,8.901098901103454,0,0,13.19095978760928,0,0,0,0,0,0,0,0,0,0,0,0,0,0,0,0,0,0,0,0,8.589427075651333,8.314358370877851,0,0,0,0,0,0,0,0,0,0,0,0,0,0,0,0,0,0,0,0,0,0,0,0,0,0,0,0,0,0,0,0,0,0,0,0,0,0,0,0,0,0,0,0,0,0,0,0,0,0,0,0,0,0,0,0,0,0,0,0,0,0,0,0,0,0,0,0,0,0,0,0,0,0,0
0,0,0,0,0,0,0,0,0,0,0,0,0,0,0,0,0,0,0,0,0,0,0,0,0,0,0,0,0,0,0,0,0,0,0,0,0,0,0,0,0,0,0,0,0,0,0,0,0,0,0,0,13.857330190193485,0,0,0,0,0,0,0,0,0,0,0,0,0,0,0,0,0,0,0,0,0,0,0,0,0,0,0,0,0,0,0,0,0,0,0,0,0,0,0,0,0,0,0,0,0,0,0,0,0,0,0,0,0,0,0,0,0,0,0,0,0,0,0,0,0,0,0,0,0,0,0,0,0,0,0,0
0,0,0,4.7110411466468864,0,0,0,0,8.600121915538008,0,17.148247723892062,0,0,0,0,7.951274060538353,3.7651050904991124,0,0,0,0,11.381580347715971,0,0,0,0,0,0,0,0,0,0,0,0,0,0,0,0,0,0,0,0,0,0,0,0,0,0,0,0,0,0,0,0,0,0,0,0,0,0,0,0,0,0,0,0,0,0,0,0,0,0,0,0,0,0,0,0,0,0,0,0,0,0,0,0,0,15.341374703284538,0,0,0,13.19095978760928,0,0,0,6.4200792602380234,0,0,0,0,0,0,0,0,0,0,0,0,0,0,0,0,0,0,0,0,0,0,0,0,0,0,15.08841496088366,0,0,0,0,0,0
0,0,11.895378895283388,0,0,0,0,0,0,0,0,0,0,0,0,10.764807324797546,0,0,0,14.532413325328104,0,0,0,0,0,0,0,0,0,0,0,0,0,0,0,0,0,0,0,0,0,0,0,8.329628403078532,0,0,0,0,0,0,0,0,0,0,0,0,0,0,0,0,8.257045982524973,0,0,0,0,0,0,0,0,0,0,0,0,0,0,7.010526315793061,0,0,0,0,13.984371167888645,0,0,0,27.697707454148087,6.737331862464015,0,0,0,0,0,0,0,0,0,0,0,0,0,0,7.469158878503187,0,0,16.980228266677514,0,0,0,0,0,0,0,0,0,0,0,0,0,0,0,0,12.923195572422197,0,0,0,10.830472246670135,0,0,0,0
0,0,0,0,0,9.233267154933019,0,0,0,0,0,0,0,0,0,0,0,0,23.497044731438965,0,0,0,0,0,0,0,0,0,0,0,0,0,0,0,0,0,0,0,32.17830143268359,0,0,0,0,0,0,0,0,0,0,0,0,0,0,0,0,0,0,0,0,0,0,0,0,0,0,0,0,0,0,0,0,0,0,0,0,0,0,0,0,0,0,0,0,0,0,0,0,0,0,0,0,0,0,0,0,0,0,0,0,0,0,0,0,0,0,0,0,0,11.76505427552056,0,0,0,0,0,0,0,0,21.483870967737662,0,0,0,0,0,0,0,0,0,0,0
0,0,0,0,0,0,0,0,0,0,0,0,0,0,0,0,0,0,0,0,0,0,0,0,0,0,10.063307615137468,0,0,0,0,0,0,0,11.48936170211721,0,0,10.49122236491387,0,0,0,0,0,0,0,0,14.719714032137707,0,0,0,0,0,0,0,0,0,0,0,0,0,0,0,0,0,0,0,0,0,13.08993466041299,0,0,0,0,0,0,0,0,0,0,0,0,0,0,0,0,0,17.868708514842226,0,18.794703559689612,0,0,12.180451127808471,8.699564586353247,0,0,0,0,0,0,0,0,0,0,0,0,0,0,0,0,0,0,0,0,0,0,0,0,0,0,0,0,0,0,0,0,0,0,0,0
0,0,0,9.204527639555774,0,0,0,11.470767733536077,0,0,0,0,0,0,0,7.538122977228,0,0,0,0,0,12.450920471622931,0,0,0,0,0,0,0,0,0,0,0,0,0,0,13.467210254365495,0,0,0,0,0,0,0,0,0,0,0,0,0,0,0,21.599999999980355,0,0,0,0,0,0,0,0,0,0,0,0,0,0,0,0,0,0,0,0,0,0,0,0,0,0,0,7.782225780624794,0,0,0,0,0,0,0,0,0,0,0,0,0,0,0,0,0,0,0,0,0,0,0,0,0,0,0,0,0,0,0,0,0,0,0,0,0,0,0,0,0,0,0,0,0,0,0,0
0,0,0,8.452674862675412,0,0,0,0,6.038115395736642,12.019799806461247,0,0,0,0,0,0,0,0,0,0,0,0,0,0,0,0,0,0,0,0,11.880397265766948,0,0,0,0,0,0,14.202864647150305,0,0,0,0,0,0,0,0,0,0,0,0,0,0,28.266342402022428,22.499999999979536,0,0,0,0,0,0,0,0,0,0,0,0,0,0,0,0,0,0,0,0,0,0,0,0,0,0,0,0,0,0,0,0,0,0,0,0,0,0,0,0,0,0,0,0,0,0,0,0,0,18.693209895345525,0,0,0,0,0,0,0,0,0,0,0,0,0,0,0,0,0,0,0,0,0,0,0,0,0
19.182527556979842,0,0,9.369351572287306,0,0,0,0,0,7.455759879946679,0,0,0,0,0,0,43.55446860582798,0,0,0,0,0,0,0,0,13.16290593868073,0,0,0,0,0,0,0,0,0,0,0,0,8.545638400611432,0,13.113828257821034,0,0,0,0,0,20.102062433469232,0,0,0,0,0,0,0,0,0,0,0,0,0,8.950276243098502,19.782430853466877,0,0,0,0,0,0,0,0,0,0,0,0,0,0,0,0,0,0,0,0,0,0,0,0,0,0,0,0,0,0,0,0,0,0,0,0,0,0,0,0,0,0,0,0,0,0,0,0,0,0,0,0,0,0,0,0,0,0,0,0,0,0,0,0,0,0,0
0,0,0,0,0,0,0,13.903984640987604,0,0,0,0,0,0,0,0,0,0,0,6.654154925893055,0,26.24731794476234,0,0,0,0,0,0,12.904613700223939,0,0,0,0,0,0,0,15.64163524812404,0,9.223299234177185,14.28853080726272,0,0,8.365980761526599,0,0,0,12.769473482962875,0,0,0,0,0,0,0,0,0,0,0,0,0,8.218010091324293,0,0,14.761107034003325,0,0,0,0,0,0,0,0,0,0,0,0,0,0,0,0,0,5.664335664330513,0,0,0,0,0,0,0,0,13.765858412535572,0,0,0,0,0,0,0,0,0,0,0,0,0,0,0,0,0,0,0,0,0,0,0,0,0,0,0,0,0,0,0,0,0,0,0,0,0,0
0,0,0,0,0,0,0,0,0,0,0,15.54514571598798,0,0,0,9.8553147838469,0,0,0,0,0,0,8.95652057997808,0,0,0,0,0,0,0,0,0,0,0,0,0,0,8.81139177428399,0,0,0,0,8.223350253799628,0,0,0,0,0,0,0,0,0,0,0,0,15.182719690059752,0,0,0,0,0,0,0,0,0,0,0,0,0,0,0,0,0,11.227936945288038,0,3.674624512262585,0,0,0,0,0,0,0,0,0,0,0,0,0,9.084112149533054,0,0,12.299451593055236,0,0,0,0,0,0,0,0,0,0,0,0,0,0,0,0,0,0,0,0,0,0,0,0,0,0,0,0,0,0,0,0,0,0,0,0
0,0,0,0,0,0,0,0,0,0,0,0,0,0,19.518072289138875,0,0,0,0,13.645820469942477,0,0,0,0,0,0,0,0,0,0,0,0,0,12.426266466595457,0,0,0,0,7.074235807860529,0,0,0,0,0,0,0,15.348875993929848,0,0,0,0,0,0,0,0,0,0,0,0,0,0,0,0,0,0,0,0,0,0,0,0,0,0,0,0,0,0,0,0,0,0,0,0,0,0,0,0,0,0,0,0,0,0,0,0,0,0,0,0,0,0,0,0,0,8.532384341637334,0,0,0,0,0,0,0,0,0,0,0,0,11.084556277581363,0,0,0,6.441351888671288,0,0,0,0,0,0,0
0,0,0,0,0,0,0,0,0,0,0,0,0,12.303551108639851,0,0,0,0,0,0,0,0,0,0,0,0,0,0,0,0,0,0,0,0,0,0,14.329775984311166,0,0,0,0,0,0,0,8.86978330546261,0,0,0,0,0,0,0,0,0,0,0,0,0,0,0,0,0,0,14.782972175773011,12.150803911039176,0,0,0,0,0,0,0,0,0,0,0,0,0,0,0,0,0,0,0,0,0,0,0,0,0,9.380281690132314,0,0,0,0,0,0,0,0,0,0,0,0,0,0,0,0,0,0,0,0,0,0,0,0,0,0,0,0,0,0,0,0,0,0,0,0,0,0
9.272889760030798,0,12.730840289274623,10.414558813931322,0,0,0,0,6.0902255639042355,0,21.32836962266978,0,0,0,30.971072880537452,0,0,0,0,7.914575872574491,0,19.163966186571997,0,0,0,0,0,0,0,0,0,0,0,14.465419179922206,15.780596064932768,0,0,21.798619988004273,0,0,0,0,0,16.539009736912444,0,0,0,0,0,0,0,0,0,0,0,0,0,0,0,0,6.044776119414668,0,0,0,23.334369978486595,0,0,0,0,0,0,0,0,0,0,0,0,14.277602479933522,0,0,0,7.8661686806776885,0,0,0,0,0,0,9.624267772657438,0,0,0,0,0,0,0,0,0,0,0,0,0,0,0,0,0,0,0,0,0,0,0,0,0,0,14.707072135814743,0,0,0,0,0,0,0,0,0,0,0,16.314074090481405,0
0,0,0,0,0,0,0,0,9.686522306618656,0,0,0,0,0,0,10.207290311836138,0,0,0,8.618998683133679,0,0,0,0,0,9.225894781929606,0,0,7.991999999992731,0,0,0,0,0,0,0,0,10.33557776616373,0,14.049881999405773,0,0,0,0,0,0,6.258484570770583,0,0,0,0,0,7.411388561910863,0,0,0,0,0,0,0,0,0,0,12.06227246618428,0,0,0,0,0,0,0,0,0,0,0,9.518712615258407,0,0,0,0,0,0,0,0,0,9.185604701889096,0,7.747702284884349,0,0,0,0,0,0,0,0,0,0,0,0,11.14103779460925,0,0,11.773846617646504,0,0,0,0,0,0,0,0,0,0,0,0,0,0,0,0,0,0,0,0,0,0,0,0,0
13.167053717901158,0,8.749105981578765,0,0,0,0,0,0,0,5.347686400382622,16.975954299121927,0,0,22.367279639849624,0,0,0,14.21418398813836,0,0,0,0,0,0,8.13359240703975,0,0,16.337001057899933,0,0,12.493573264781963,0,0,0,0,0,0,0,0,0,0,0,0,0,0,17.11022500166768,0,8.534801001102911,0,0,0,0,9.310344827577739,0,0,0,0,0,0,3.2684080795256794,0,0,0,0,0,0,0,0,0,0,0,0,0,0,8.487226859513708,0,0,0,0,0,6.03061873003772,0,0,0,11.915361656224041,0,48.53277657705301,0,0,0,0,0,0,0,0,0,0,0,0,0,0,0,0,0,0,0,0,0,0,0,0,0,0,0,15.802904594847371,0,0,0,0,0,0,0,0,0,11.408450704227945,0,0,0
0,0,17.146492101327038,10.693069306928566,0,0,0,0,0,0,7.352496217852018,0,0,0,0,0,0,0,0,0,0,0,0,0,0,0,0,0,11.170705678700221,0,0,0,0,0,0,0,0,0,0,0,0,0,0,0,0,0,0,0,21.30157713496743,0,0,0,0,0,0,0,0,0,0,0,0,0,0,0,0,0,0,0,0,0,10.629079167703129,0,0,0,0,0,0,0,0,0,0,0,0,0,0,0,0,0,0,0,0,0,0,0,0,0,0,0,0,0,0,0,0,0,0,0,0,27.147621726480953,0,0,0,0,0,0,0,0,0,0,0,0,0,0,0,0,0,0,0,0,0
0,0,0,0,0,0,0,0,0,0,0,0,0,0,0,0,0,0,7.5211612824088,0,0,0,0,0,0,0,0,0,0,0,0,0,0,0,0,0,0,0,12.90985746101542,0,0,0,0,0,0,0,0,0,0,0,0,0,0,0,0,0,0,0,0,0,0,0,0,0,0,7.826086956514621,0,0,0,0,14.270760635811534,0,0,0,0,0,0,0,0,0,0,0,0,0,0,0,0,0,0,0,0,0,0,0,0,0,0,0,0,0,0,0,0,10.14213197970062,0,0,0,0,0,0,0,0,0,0,0,0,0,0,0,0,0,0,0,0,0,0,0,0,0
0,0,0,0,0,0,0,0,0,0,0,0,0,0,0,0,0,0,0,0,0,0,0,0,0,0,0,0,0,0,0,0,0,22.391301449959485,0,0,0,0,0,0,0,0,0,0,0,10.39236850344032,0,0,0,0,0,0,0,0,0,0,0,0,0,0,0,0,0,0,0,0,0,0,0,0,0,0,0,0,0,0,0,0,0,0,0,0,0,0,0,0,0,0,0,0,0,0,0,0,0,0,0,0,0,0,0,0,0,0,14.655256723716937,0,0,0,0,0,0,0,0,0,0,0,0,0,0,0,13.829232035394796,14.314361415379054,0,0,0,0,0,0,0
0,0,0,15.220338216467896,0,9.050539851496566,0,0,0,0,0,0,9.170185948606001,0,0,0,0,14.165063521407594,0,0,8.787081087609605,0,0,0,0,0,0,0,4.438069670941556,5.731132075466486,14.883086764051837,0,0,0,15.852545558743698,0,0,0,0,0,0,0,10.365710848985907,0,0,0,0,0,0,0,0,0,0,0,0,0,0,0,0,0,0,0,0,0,0,0,0,0,0,0,0,0,0,0,0,0,0,0,12.531897196862491,0,10.331215970952677,0,0,0,0,0,0,0,0,0,0,0,0,0,0,0,0,0,0,0,0,0,0,0,0,0,13.877059131809041,0,0,0,0,0,0,9.895635822768181,0,0,0,0,0,0,0,7.135714285712866,0,0,0,0,0,0,0
0,0,0,0,0,0,0,0,0,0,0,0,0,0,0,0,0,0,0,0,0,0,0,0,23.414556816901168,0,0,0,0,0,13.449606057952586,0,0,0,0,0,0,0,0,0,0,0,0,0,0,0,0,0,0,0,0,0,0,0,0,0,0,0,0,0,0,0,0,0,0,0,0,0,0,0,0,0,0,0,0,0,0,0,0,0,11.881003041952455,0,0,0,0,0,0,0,0,0,0,0,0,0,0,0,0,0,0,0,0,0,0,0,0,0,0,0,15.402617716070717,0,0,0,0,27.112167763422036,0,0,0,0,0,0,0,0,0,0,0,0,0,0,0
0,0,6.382722477875458,0,0,15.402617716070717,0,0,0,0,5.167464114827836,0,0,0,0,0,0,0,0,0,0,0,8.430379746839757,0,0,0,0,0,0,0,0,12.158597804872407,0,0,0,0,0,0,0,0,0,0,0,20.424542100468944,0,6.7124981605865495,0,0,0,0,0,0,0,10.613140239439922,13.006484506733822,0,0,0,0,0,0,0,0,0,11.351575095116242,0,9.581983093285386,0,0,0,0,0,0,0,12.811425412319096,10.446668966979212,5.6044880785402595,0,0,0,0,0,0,0,0,11.483201600815656,0,0,0,0,0,18.18226467263164,0,0,0,0,0,0,0,27.470478350596746,0,0,0,0,0,0,0,0,9.03665256461305,0,0,0,0,0,0,0,0,0,0,10.374480731277657,0,0,0,0,0,0,0,0,0
0,0,0,5.166838240305353,0,0,0,0,0,8.799780391798635,0,0,0,0,0,0,0,0,0,0,0,0,0,0,0,0,20.339212040942517,0,0,0,0,0,0,0,0,0,0,0,0,0,12.546099778037501,0,0,0,0,0,0,0,0,0,0,0,0,0,0,0,0,13.707768718096178,0,0,0,0,0,0,0,0,0,0,0,0,0,0,0,0,0,16.470861357816315,0,0,0,0,0,0,0,0,0,0,0,0,0,0,0,0,0,0,0,0,0,0,0,0,0,0,0,0,0,0,0,22.038751664731763,0,0,0,0,0,0,0,0,0,0,0,0,0,0,0,0,0,0,0,0,0
0,0,0,0,0,0,0,0,0,0,0,0,0,0,0,0,0,0,0,16.514091965049946,0,10.480605594505365,0,0,0,0,0,0,0,0,0,0,0,0,0,0,0,0,0,0,0,0,0,0,0,0,0,0,0,0,0,0,0,0,0,0,0,0,0,0,0,0,0,0,0,0,0,0,0,0,0,0,0,0,0,0,0,0,0,0,0,0,0,0,0,0,0,0,0,0,0,0,0,0,0,0,0,0,0,0,0,0,0,0,0,0,19.635398157128318,0,0,0,0,0,0,0,0,0,0,0,0,0,0,0,0,0,0,0,0,0,0
0,0,0,0,0,0,6.8388873078447805,0,0,0,0,0,0,0,14.203437486912847,0,0,17.80094919435403,0,0,0,0,0,0,0,0,0,0,0,0,0,0,0,0,0,7.058823529415376,0,0,8.377358490570323,0,0,0,0,0,0,13.77931034482974,0,0,0,0,0,0,0,0,0,0,0,0,0,0,0,0,0,0,0,0,7.122933471343589,0,0,0,15.53654743390711,0,0,0,0,0,0,0,0,0,0,0,0,0,0,0,0,0,0,0,0,0,0,13.057041414119817,0,0,0,0,0,0,0,0,0,19.69258969283361,0,0,7.455759879953071,0,0,0,0,10.027656725533955,0,0,0,0,0,0,0,0,0,0,0,0,0,0,0,0,0
0,0,0,0,0,0,0,0,0,0,14.826429829451646,0,0,9.121408363777517,0,7.582711646403591,0,0,0,10.673183230638214,10.351437699671097,0,0,0,0,0,0,0,0,0,0,0,0,11.689800879322549,0,0,0,0,12.109090909079896,0,0,0,0,0,0,0,0,0,0,0,0,0,7.962556997195412,0,0,0,0,0,0,0,0,0,0,0,0,0,0,0,0,0,0,0,0,0,0,11.707278408450584,0,0,0,0,13.454545454542778,0,0,0,0,0,0,0,0,0,0,0,0,10.387944466491238,0,0,0,0,0,0,0,13.39097016141916,0,0,0,0,7.234718778484848,0,0,0,0,0,0,0,0,0,0,0,0,0,0,0,0,0,0,0,0,0,0
0,0,0,0,0,0,0,0,0,0,0,0,0,0,0,0,0,0,0,0,0,0,0,0,0,0,0,8.34075315935683,0,0,0,0,0,0,0,0,0,0,0,0,0,0,0,0,0,0,0,10.673183230629062,0,0,0,0,0,0,0,0,0,0,0,0,0,0,0,0,0,0,0,0,0,0,0,0,0,0,0,0,0,0,0,0,0,0,0,0,0,0,0,0,0,0,0,0,0,0,0,0,0,0,0,0,0,0,0,0,0,0,0,0,0,0,0,0,0,0,0,0,0,0,0,0,0,0,0,0,0,0,0,0,0
0,0,0,8.476409348619372,0,0,0,0,0,0,0,0,0,0,0,0,0,0,0,0,0,0,0,0,0,0,0,0,0,0,0,0,0,0,0,0,0,0,0,0,0,0,0,0,0,0,0,0,0,0,13.090265438087313,0,0,0,0,0,0,0,0,0,0,0,0,0,0,0,0,0,0,0,0,0,0,0,0,0,0,9.257142857134438,0,0,0,0,0,0,0,0,0,0,0,0,0,0,0,0,0,0,10.629202134523412,0,0,0,0,0,0,0,0,0,0,0,0,0,0,0,0,0,0,0,0,0,0,0,0,0,0,0,0,0,0,0,0
0,0,0,12.312855261617825,0,0,16.07648224115098,0,9.822078341639182,0,0,0,0,0,6.795918367340758,8.098981375512095,0,8.141295490649599,0,9.25118748308944,8.632326820600145,0,0,0,0,0,0,0,0,0,0,0,0,0,0,0,20.577897268676033,0,0,0,0,0,7.312685596542952,0,0,11.358513676246393,0,0,0,0,0,0,0,5.995890812549673,0,0,0,0,0,0,0,0,0,0,0,0,5.051833122628578,0,0,0,0,0,0,0,0,0,0,0,0,0,0,7.829837072563126,0,0,0,0,0,8.18181818181074,13.404781863249292,0,0,0,0,0,0,0,0,0,0,0,9.366621194995853,0,0,0,0,0,13.224092116669052,0,0,0,0,0,0,0,0,0,0,0,0,0,0,0,0,0,0,0,0,0,0
0,0,0,0,0,0,0,0,0,0,0,12.475213971940557,0,0,0,0,0,0,0,0,0,0,0,0,0,0,0,0,0,0,0,0,0,0,0,0,0,0,0,0,0,0,0,0,0,0,0,0,0,0,0,0,0,0,0,0,0,0,0,0,0,0,0,0,0,0,0,0,0,0,0,0,0,0,0,7.819960861055196,0,0,0,0,0,0,0,0,0,0,0,0,0,0,0,0,0,0,0,0,0,0,0,0,0,0,0,0,0,0,0,0,0,0,0,0,0,0,0,0,0,0,0,0,0,0,0,0,0,0,0,0,0
0,0,0,0,0,0,0,0,0,0,0,0,0,0,7.35813826535447,0,0,0,0,17.9123876098323,0,0,0,0,8.168500528955176,0,0,0,0,0,0,0,0,0,0,0,0,0,34.94172324984836,0,0,0,0,0,0,0,0,0,0,0,0,0,0,0,0,0,0,0,0,16.615384615393115,0,0,0,0,0,0,0,19.20972426265796,0,0,0,0,0,0,0,0,0,0,0,0,10.807719153714945,0,0,0,0,0,0,0,0,0,0,0,0,0,0,0,0,0,0,0,0,19.079169876011946,0,0,0,0,0,0,0,0,0,0,0,0,0,0,0,0,0,0,0,0,0,0,0,0,0,0,0
16.70283869210266,0,0,7.043754383578755,0,0,0,0,0,0,0,0,0,8.146782155650856,5.3431132490442375,0,0,0,0,0,0,13.293888563761096,0,0,0,0,0,0,3.994157078550791,0,0,0,7.7441860465155905,13.058823529413807,0,8.219418170808966,0,0,0,0,0,0,0,0,0,8.881578947370441,0,0,0,0,0,0,0,7.280898876408219,0,0,0,0,0,0,0,14.91480780422922,0,0,0,0,0,0,0,0,0,0,0,0,0,0,0,0,0,0,0,0,0,0,0,0,0,0,0,0,0,0,0,0,0,0,0,16.598871010616868,0,0,0,0,0,11.676926735152275,0,0,0,0,0,0,0,0,0,0,0,0,0,0,0,0,0,0,0,0,0,0,0,0,0
0,0,0,0,0,0,7.2468779697091925,0,10.330269713193815,0,0,0,0,0,0,0,0,0,0,0,0,0,0,0,0,0,0,0,0,0,0,0,0,0,0,0,0,0,0,0,0,0,0,0,0,10.962919251695398,9.469194312794325,0,0,0,0,0,0,0,0,0,0,0,0,0,0,0,0,0,0,0,0,0,0,20.61768912235868,0,0,0,0,0,0,0,0,0,0,0,0,0,0,0,0,0,0,0,0,7.659125385106879,0,0,0,0,0,0,0,0,0,0,0,0,0,0,0,0,0,0,0,0,0,0,0,0,0,0,0,0,0,0,0,0,0,0,0,0,0,0
0,10.56419519786853,8.137215741296876,0,0,0,0,10.604078551624603,0,0,0,25.094996669124484,0,0,10.779730979953326,20.24609930385412,0,0,0,0,0,0,0,0,0,0,0,0,0,0,0,0,0,0,0,0,0,0,0,0,0,0,0,0,0,0,0,0,8.641066917794792,0,0,0,11.328932281222274,9.992798127414021,0,0,0,0,0,0,0,0,0,0,0,0,0,0,0,0,0,0,0,0,0,0,0,0,0,0,0,0,0,0,0,0,0,0,0,0,0,0,0,0,0,0,0,0,0,0,0,0,0,0,0,0,0,0,0,0,0,0,0,0,0,0,0,0,0,0,0,0,0,0,0,0,0,0,0
0,0,0,9.855314783846014,0,0,0,0,0,0,0,0,0,0,0,10.13401720301257,0,0,0,0,0,0,0,0,0,0,0,0,0,0,0,0,0,0,0,0,12.96926298445735,0,0,0,0,0,9.93141760070969,0,0,8.970887135531799,0,0,0,0,0,0,0,0,0,0,0,0,9.594719572100065,0,0,0,0,8.013199870970729,0,0,0,0,0,0,0,11.35716432976424,0,0,0,0,0,15.62279852165882,0,0,0,15.993786749969088,0,0,5.958209316939001,0,0,0,0,0,0,0,0,0,0,0,0,0,0,0,0,0,0,0,0,0,0,0,0,0,0,0,0,0,0,0,0,0,0,0,0,0,0,0,0,0,0,0,0
0,0,0,0,0,9.346173531460014,0,0,0,0,0,0,0,0,0,7.359116022100598,0,0,0,0,0,0,0,0,0,0,0,0,0,0,0,0,0,0,0,0,7.215446145285996,0,0,0,0,0,0,0,0,0,10.9018142954249,0,0,0,0,0,0,0,0,0,0,0,0,0,0,0,0,0,0,12.214992611832775,0,0,0,0,0,0,0,0,0,0,0,0,0,0,0,0,0,0,0,0,0,0,0,0,0,0,0,0,0,0,0,0,0,0,0,0,0,0,21.687596824988354,0,0,0,14.065711095309176,0,0,0,0,0,0,0,0,0,0,0,0,0,0,0,0,0,0,0,0
0,0,0,0,0,0,0,0,10.849738907198136,0,0,0,0,0,0,8.595449506403805,0,0,0,0,0,0,0,0,0,0,0,0,0,0,0,0,0,0,0,0,0,0,0,0,0,0,0,0,0,0,0,0,0,0,0,0,0,0,0,0,0,0,0,0,7.25319803314492,0,0,0,0,0,6.462907433634949,0,0,0,0,0,0,13.080808812241552,0,0,0,0,0,0,0,0,0,0,0,0,0,8.631567452365335,0,0,0,0,0,0,0,0,0,0,0,0,0,0,0,0,0,0,0,0,0,0,0,0,0,0,0,0,0,0,0,0,0,0,0,0,0,0,0,0,0
0,0,0,5.548758701573964,0,0,0,0,0,0,0,15.050235225053523,0,5.7803082215382116,0,7.797273764880107,0,0,0,0,0,0,0,0,0,0,0,0,0,0,0,0,0,15.86411183636887,0,0,0,0,0,0,0,0,0,0,0,0,11.25480304201257,0,0,0,0,0,0,0,0,0,0,0,0,0,0,0,0,17.904202959974995,0,0,0,0,0,0,11.853627458901402,0,0,0,0,0,0,0,0,0,0,0,0,0,0,0,0,0,0,0,20.107384980259656,0,0,0,0,0,0,0,0,0,0,0,0,0,0,0,0,0,0,0,0,0,0,0,0,0,0,0,0,0,0,0,0,0,0,0,0,0,0
0,0,0,0,0,0,0,12.542079889594392,0,0,0,0,0,0,0,0,0,0,0,0,11.640737756847688,0,0,0,0,5.982035928138272,0,0,0,0,0,0,0,0,0,0,0,0,0,0,0,0,0,0,0,21.95604395603959,0,0,0,0,0,0,0,0,0,0,0,0,0,0,0,0,0,0,0,0,0,0,0,0,5.167241379310541,0,0,0,0,0,0,0,0,0,0,0,0,0,0,18.701990357055898,0,0,0,0,0,0,0,0,0,0,25.279101125500425,0,0,0,0,0,0,0,0,0,0,0,0,0,0,0,0,0,0,0,0,0,0,0,0,0,0,0,0,0,0,0,0
0,0,0,0,0,0,0,0,0,0,10.69064229416138,0,0,0,0,0,0,0,0,0,0,0,0,0,0,0,0,0,0,0,0,0,0,0,0,0,0,0,0,0,12.6090056793324,0,0,0,0,0,0,0,0,0,0,0,0,0,0,0,0,0,0,0,0,0,0,0,26.51790885139443,0,0,0,7.879518779876343,0,13.166083639627663,0,0,0,0,0,0,7.818350026090607,0,0,0,0,0,0,0,11.723874639601553,0,0,0,0,0,0,0,0,0,0,0,0,0,0,0,0,0,0,0,0,0,0,10.886722615797122,0,0,0,0,0,0,0,0,0,0,0,0,0,0,0,0,0,0,0,0
0,0,18.838502067738627,0,0,0,0,0,0,0,0,0,0,0,0,0,0,0,0,16.168881380083306,0,9.367192378406028,0,0,0,0,0,0,0,0,0,0,0,0,12.292650698128709,0,0,0,0,0,0,0,0,0,0,0,0,9.955488985265166,0,0,0,0,0,0,0,0,0,0,0,0,0,8.663101604278403,0,0,0,0,0,0,0,0,0,0,0,0,0,0,0,0,0,12.109090909097105,0,0,0,0,0,0,0,0,0,0,30.971072880537452,0,0,0,0,0,0,0,0,0,0,0,0,0,0,0,0,0,0,0,0,0,0,0,0,0,0,0,0,0,0,0,0,0,0,0,0,0,0
0,0,0,0,0,0,0,0,0,0,0,0,20.387755102051248,0,0,0,0,0,0,0,0,0,0,0,0,0,0,0,0,0,0,0,0,0,13.309514847883225,0,0,7.758618609518417,14.77319405608737,0,0,0,11.882640586797516,12.882656887733093,0,0,0,0,0,0,0,0,0,0,0,0,0,0,0,0,7.0621915519330205,0,0,0,0,0,0,0,0,0,0,0,0,0,0,0,0,0,0,13.60144753240429,0,0,0,0,0,11.15938029754515,0,0,0,0,6.19534883720807,0,0,0,19.195799690915724,0,0,0,0,0,10.943889319742892,0,0,0,0,0,0,0,15.919710359159883,0,0,0,0,10.418006430858693,0,0,0,0,0,0,0,0,0,0,0,0,0,0,0
0,0,5.109974424555044,10.093457943916054,0,0,0,0,0,0,10.519480519470951,0,8.75779081732467,0,10.19484727606746,0,0,0,0,0,0,0,0,0,0,0,0,0,0,0,0,0,0,0,12.797199793949302,0,0,6.896078173146942,0,0,0,0,0,0,0,0,0,0,0,0,0,0,0,0,0,0,0,0,0,0,10.51681071213895,0,0,0,0,0,0,0,0,0,0,0,0,0,0,6.02297665583969,0,0,0,0,0,0,0,0,0,8.623784783953939,0,13.00931554712184,0,0,0,0,0,0,0,0,0,0,0,0,0,0,0,0,0,0,0,17.867617723742864,0,0,0,0,0,0,0,0,0,0,0,0,0,0,0,0,0,0,0,0,0
0,0,0,0,0,0,0,0,0,0,0,0,0,0,0,0,0,0,0,0,0,0,0,0,0,0,0,0,0,0,0,0,0,0,0,0,0,0,0,0,0,0,0,0,0,0,0,0,0,0,0,0,0,0,0,0,0,0,0,0,0,16.595078442469077,0,0,0,0,0,0,0,0,0,0,0,0,0,0,0,0,0,0,0,0,0,0,0,0,0,0,0,0,0,10.008704897208975,0,0,0,0,0,0,0,0,0,0,0,0,0,0,0,0,0,0,0,0,0,0,0,6.335559503901009,0,0,0,0,0,0,0,0,0,0,0,0,0
0,0,0,11.584068653997312,0,0,0,0,0,0,9.469194312796567,0,0,0,0,0,0,0,0,0,0,0,0,0,0,0,0,14.909642271771528,0,0,0,10.770009038035063,0,0,0,0,0,0,0,0,0,0,0,0,0,0,0,0,0,0,0,0,0,0,0,0,0,0,0,0,0,0,0,0,0,0,0,0,0,0,0,0,0,0,0,0,0,0,0,0,0,0,21.03157894736424,0,0,0,0,0,0,0,0,0,0,0,0,0,0,0,0,0,0,0,0,0,0,0,0,0,0,13.84189544178872,0,0,0,0,0,0,0,0,0,0,0,0,0,0,0,0,0,0,0
0,0,0,21.699477814389297,0,13.731958762888745,0,0,0,0,0,0,0,9.710513383914803,0,0,0,0,0,0,7.736831801810333,0,0,0,0,0,0,0,0,0,0,0,8.609681682704023,0,0,0,0,6.664439554833028,0,0,0,0,6.424437299035613,0,0,0,0,13.08548113496851,11.561440022869665,9.05859746213649,0,0,0,5.905224787363529,0,0,0,0,20.562653953285547,0,9.186561280656463,0,0,0,0,0,0,0,0,0,0,0,0,12.578176814591606,0,17.61806273001854,0,10.799302754642671,0,0,0,0,0,0,0,12.797199793949302,0,0,0,0,0,11.0703270654128,0,0,0,0,0,0,0,0,4.542388122303919,0,0,0,0,0,0,0,7.714285714278698,0,0,0,0,0,0,0,0,0,0,0,0,0,0,0,0,0,0,0,0
0,8.010350104321532,0,0,0,0,9.310344827577739,0,0,0,0,0,0,0,0,0,0,0,0,0,0,9.81085102047578,15.12682389808182,0,0,11.791194406904818,0,0,0,0,0,0,0,7.265454545458263,0,11.996973722362561,3.7984790874544148,0,7.739129453191278,0,0,0,0,0,0,0,0,0,4.404515682506523,0,0,0,0,0,0,0,0,0,0,0,0,0,0,0,0,0,0,0,0,0,0,0,0,0,0,0,0,0,0,0,10.65789473684453,0,0,0,0,5.037525251151711,0,12.104645452160739,0,0,0,0,0,0,0,0,0,0,0,0,0,0,0,11.677525441174286,0,0,0,0,0,0,0,0,0,0,0,0,0,0,0,0,0,0,0,0,0,14.307608037701698,0,0,0
0,0,0,10.91803278688566,0,0,0,0,0,0,0,0,0,17.01083088349542,0,0,0,0,0,0,0,0,0,0,0,0,6.561829486177562,13.903984640995443,0,0,0,0,0,13.466477829471394,21.999450979474336,0,0,0,0,0,0,0,0,0,0,0,0,0,0,0,0,0,0,0,0,0,0,0,11.677054423097161,0,0,0,0,0,0,0,0,0,0,0,0,0,18.744885527811977,0,0,0,0,0,0,0,0,0,12.948625801732641,0,0,0,0,0,0,0,0,10.858695652171752,0,0,0,8.547732081969937,0,0,0,0,0,0,0,0,0,0,0,8.826969324276723,0,0,0,0,0,0,0,9.706555315410602,0,0,0,0,0,0,0,0,0,0,0,0,0
0,0,0,0,0,0,0,0,0,0,0,0,0,0,0,0,0,0,0,0,0,0,0,0,0,0,0,0,0,0,0,0,9.893219840698476,0,0,0,0,9.626919278219598,14.107402031930867,0,0,0,0,0,0,0,0,0,0,0,0,0,13.538090308335839,0,0,0,0,0,0,0,0,0,0,0,0,0,0,0,0,0,0,0,0,0,0,0,0,0,0,0,0,0,0,0,0,0,0,0,0,0,0,0,0,0,0,0,0,0,0,0,0,0,0,0,0,0,0,0,0,0,0,0,12.194777091306536,0,0,0,0,0,0,0,0,0,0,0,0,0,0,0,0
0,0,5.094339622636876,8.839302950459826,0,0,0,0,4.635018909581859,13.064516129032752,0,0,0,0,0,7.571442886507323,0,0,0,0,0,0,0,0,0,0,0,0,0,0,0,12.800668673311236,0,0,0,0,0,0,0,0,0,0,0,0,0,0,0,0,0,0,0,0,0,0,0,0,0,0,0,0,8.081786085964318,0,0,13.828643203880977,0,0,0,0,0,0,3.6485633455058215,0,0,0,0,6.403162055330145,0,0,15.81667346828223,0,0,0,0,0,0,0,0,0,0,0,17.47086162492418,0,0,0,0,0,0,0,0,0,0,0,0,0,0,0,0,0,0,0,0,0,0,0,0,0,0,0,0,0,0,0,0,0,0,0,0,0,0
0,0,0,0,0,0,0,0,0,0,15.555578447819775,0,0,0,0,0,0,0,0,0,0,0,0,0,0,0,0,0,0,0,0,0,0,0,0,0,0,0,0,0,0,0,0,0,0,0,0,0,0,0,0,19.979999999996025,0,0,0,0,0,0,0,0,0,0,0,0,0,0,0,0,0,0,0,0,0,0,0,0,0,0,0,0,0,0,0,15.013961281505901,0,0,0,0,0,0,0,0,0,0,0,0,0,0,0,0,0,0,0,0,0,0,0,0,0,0,0,0,0,0,0,0,0,0,0,0,0,0,0,0,0,0,0,0,0
0,0,0,0,0,0,0,0,0,0,0,0,0,0,0,0,0,0,0,0,0,0,0,0,0,0,0,0,0,0,0,0,0,0,0,0,0,0,0,0,0,0,14.150641887382115,0,0,0,0,0,0,0,0,0,0,0,0,0,0,0,0,0,0,0,0,0,0,0,0,0,0,0,0,0,0,0,0,0,0,0,0,0,0,0,0,0,0,0,0,0,0,0,0,0,0,0,0,0,0,0,0,0,0,0,0,0,0,0,0,0,0,0,0,0,0,0,0,0,0,0,0,0,0,0,0,0,0,0,0,0,0
0,11.00435044515365,18.099121109805804,0,0,0,0,11.727525039136966,0,0,0,0,0,0,0,0,0,0,0,0,0,0,0,0,0,0,0,0,0,0,0,0,0,0,0,0,0,0,0,0,0,0,0,0,0,0,0,0,0,0,0,0,0,0,0,0,0,0,0,0,0,0,0,0,0,0,0,0,0,0,0,0,0,0,0,0,0,0,0,0,0,0,0,0,0,0,0,0,0,0,0,0,0,0,0,0,0,0,0,0,0,0,0,0,0,0,0,0,0,0,0,0,0,0,0,0,0,0,0,0,0,0,0,0,0,0,0,0,0
0,0,0,9.551287543101742,0,0,0,0,0,0,0,0,0,0,0,0,0,0,0,0,0,0,0,0,0,0,0,0,0,0,0,0,0,0,0,0,0,0,0,0,0,0,0,0,0,0,0,0,6.574575798001656,0,0,0,0,0,0,0,0,0,0,0,0,0,0,0,0,0,0,0,0,0,0,0,0,0,0,0,0,0,0,0,0,0,0,16.812007572444713,0,0,0,0,0,0,0,0,0,0,10.695049464352621,0,0,0,0,0,0,0,0,0,0,0,0,0,0,0,0,0,0,0,0,0,0,0,0,0,0,0,0,0,0,0,0,0,0
0,0,0,0,0,0,0,0,0,0,0,0,0,0,0,0,0,0,0,0,0,0,0,0,0,0,0,0,0,0,0,0,0,0,0,0,0,0,0,8.146782155649182,0,18.57136572547092,0,0,0,0,0,0,0,0,0,0,0,0,0,18.5888882247083,0,0,0,0,0,0,0,0,0,0,0,0,15.765602895714203,0,0,0,0,0,0,0,0,0,0,0,0,0,0,0,0,0,0,0,26.23489622481152,0,0,0,0,0,0,0,0,0,0,0,0,0,0,0,0,0,0,0,0,0,0,0,0,0,0,0,0,0,0,0,0,0,0,0,0,0,0,0,0
0,0,0,0,0,0,0,16.311755641707936,0,0,4.19853202724145,0,0,0,0,0,0,0,0,0,0,12.644845724272638,0,0,0,0,0,0,0,0,0,0,0,0,0,0,0,0,0,0,0,0,0,0,13.19095978760928,0,0,0,0,0,0,0,0,0,0,0,0,0,0,0,0,0,0,0,0,0,0,0,0,0,0,0,0,0,0,9.048653431232722,0,0,0,0,0,0,0,0,0,0,0,0,0,0,0,0,0,0,0,0,0,0,0,0,0,0,0,0,0,0,0,0,0,0,0,0,0,0,0,0,0,0,0,0,0,0,0,0,0,0,0,0,0
0,0,30.415094319457186,0,0,0,0,23.030200655126393,0,0,0,0,0,0,0,0,0,0,0,0,0,0,0,0,0,0,0,0,0,0,0,0,0,0,0,0,0,0,0,0,0,0,0,0,0,0,0,0,0,25.689753467486376,0,0,0,0,0,0,0,16.275291010404125,0,0,26.632097479921296,0,0,0,0,0,0,0,0,0,0,22.914717941490668,0,0,0,0,0,0,0,0,0,0,0,0,0,20.95060018828363,0,0,0,0,0,0,0,0,0,0,0,31.66217132449565,0,0,25.131479745338353,0,0,0,0,0,0,0,0,0,0,0,0,0,0,0,0,0,0,0,0,0,0,0,0,0,0,0,0
0,0,0,0,0,0,0,0,0,0,0,0,0,0,0,0,0,0,0,0,0,0,0,0,0,0,0,0,0,0,0,0,0,0,0,0,0,0,0,0,0,0,0,0,0,0,0,0,0,0,8.93137902286045,0,0,0,0,0,0,0,0,0,0,0,0,0,0,0,0,0,0,0,0,0,7.996893374988661,0,0,0,0,0,0,0,0,23.16090620618603,0,18.9309723663701,0,0,0,0,0,0,0,0,0,0,0,0,0,0,0,0,17.372652667115986,0,0,0,0,0,0,0,0,0,32.29970596998431,0,0,0,0,0,0,0,9.785401661939853,0,0,0,0,0,0,0,0,0,0
0,0,0,0,0,0,0,0,0,0,0,0,0,0,0,0,0,0,0,0,0,0,0,0,0,0,0,5.579690148771821,0,0,0,0,0,0,0,0,0,0,0,0,0,18.585743068866247,0,0,0,0,0,0,0,0,0,0,0,0,0,0,0,0,0,0,0,0,0,9.785177354101998,0,0,0,0,0,0,0,0,0,0,0,0,0,9.020192527229108,0,0,0,0,0,0,0,0,0,0,0,0,0,0,0,0,0,0,0,0,0,0,0,0,0,0,0,0,0,0,0,0,0,0,0,0,0,0,0,0,0,0,0,0,0,0,0,0,0,0,0
0,0,0,0,0,0,0,0,0,0,0,0,0,0,0,0,0,0,0,0,0,0,0,0,0,0,0,0,0,0,0,0,0,0,0,0,0,0,0,0,0,0,0,0,0,0,0,0,0,0,0,0,0,0,0,0,0,0,0,0,0,0,0,0,0,0,0,0,0,0,0,0,0,0,0,0,0,0,0,0,0,0,0,0,0,0,0,0,0,0,0,0,0,0,0,0,0,0,0,0,0,0,0,0,0,0,0,0,0,0,0,0,0,0,0,0,0,0,0,0,0,0,0,0,0,0,0,0,0
0,0,0,0,0,0,0,0,11.09589041096458,0,0,13.600071923593672,0,0,0,5.004352448612275,0,0,0,0,0,0,0,0,0,0,0,0,0,0,0,0,17.341782444166753,13.894494303910946,13.492348581620277,0,0,0,6.361742621457539,0,0,0,0,0,0,9.153868891757329,0,0,0,0,0,0,0,3.5376591510172886,0,0,0,0,0,0,0,0,0,0,0,0,16.703031925679646,0,0,20.489060608999047,3.266129032255094,0,0,0,0,8.62836533725692,0,0,0,0,0,0,0,9.712546181441104,0,8.571428571420777,0,0,0,0,0,12.46641595436062,9.956349174714942,0,0,0,0,0,0,0,7.763578274753322,0,0,0,0,0,0,0,0,0,0,0,0,0,0,0,0,0,0,0,0,0,0,0,0,0,0,0,0
0,0,0,10.395421436003572,0,0,0,0,0,0,0,0,0,0,0,0,0,0,0,0,0,0,0,0,0,0,0,0,0,0,0,0,0,0,0,0,0,0,0,0,0,13.041880154066043,0,0,0,0,0,12.07250755286769,0,0,7.500534475849965,0,0,0,0,0,0,0,0,0,0,0,8.433564454382655,0,0,0,0,0,0,0,0,0,0,0,0,0,0,0,0,0,0,0,0,0,0,0,0,0,0,0,0,0,0,0,0,0,0,0,0,0,0,0,0,0,0,0,0,0,0,0,0,0,0,0,0,0,0,0,0,0,0,0,0,0,0,0,0,0,0
0,0,0,0,0,0,0,0,0,0,0,0,0,0,0,0,0,0,0,0,0,0,0,0,0,0,0,0,0,0,0,0,0,0,0,0,0,0,0,0,0,0,0,0,0,0,0,0,0,0,0,0,0,0,0,0,0,0,0,0,0,0,0,0,0,0,0,0,0,0,0,0,0,0,0,13.551020012131563,0,0,0,0,0,0,0,0,0,0,0,0,0,0,0,0,0,0,0,0,0,0,0,0,0,0,0,0,0,0,0,0,0,0,0,0,0,0,0,0,0,0,0,0,0,0,0,0,0,0,0,0,0
0,0,8.06347459611626,9.081818181816375,0,0,0,0,0,0,0,0,0,0,0,0,0,0,0,0,0,0,0,0,0,0,0,0,0,0,0,0,0,0,0,0,0,0,0,0,0,10.91618327083215,0,14.150636604054588,24.497496748417234,0,0,0,15.025615671293762,0,0,0,0,0,0,7.120879120872645,0,0,0,0,0,0,0,0,9.891089108908924,0,14.013030529405532,0,0,0,9.867030645256223,0,0,0,7.3303167420851985,0,0,0,25.97525537336566,0,0,0,0,31.368745836423287,0,0,8.351419346052458,0,0,0,0,0,0,0,0,0,0,0,0,0,0,0,0,0,0,0,0,0,0,0,26.250974781597023,0,0,0,0,0,0,0,0,0,0,0,0,0,0,0,0,0,0
0,0,0,0,0,0,0,0,0,0,0,0,0,0,0,0,0,0,0,0,0,0,0,0,0,0,0,0,0,0,0,0,0,0,0,0,0,0,0,0,12.306029251510076,0,0,0,0,0,0,0,0,0,0,0,0,0,12.65905572610055,0,0,0,0,0,0,0,0,13.591836734691174,0,0,0,0,0,0,0,0,0,0,0,0,0,0,0,0,0,0,13.979549774912009,0,0,0,8.548812664912026,0,0,0,12.571114845418949,0,0,0,0,0,0,0,0,0,0,0,0,0,0,0,0,0,0,0,0,0,0,0,0,0,0,17.69910672314778,0,0,0,0,0,0,0,0,0,12.903461852510793,0
0,0,0,0,0,0,0,0,0,0,0,0,0,0,0,0,0,0,15.984000000008178,0,0,0,0,0,0,0,0,0,0,0,17.739566610922825,0,0,0,0,0,0,0,0,0,0,0,0,0,0,0,9.516251443743617,0,0,0,0,0,0,0,0,0,0,0,0,0,0,0,0,0,0,0,0,0,0,0,0,0,0,0,0,0,0,0,0,0,0,0,0,0,0,0,0,0,0,0,0,0,0,0,0,0,0,0,0,0,0,0,0,0,0,5.34768640038214,0,0,0,0,0,0,0,0,0,0,0,0,0,0,0,0,0,0,0,0,0,0,0
0,0,12.886993093557136,0,0,0,0,0,8.547732081968979,0,10.902765326317457,0,0,0,8.121951219516351,0,0,0,0,0,0,0,0,0,14.275858241513887,10.692475411494096,0,0,5.378196500671877,10.855098611667758,0,0,0,15.220338216489406,10.542887154132352,0,0,8.740709622484422,0,0,0,0,0,0,0,11.089374379816569,8.663101604294818,0,0,0,0,0,0,0,0,0,0,0,0,8.194878894492785,14.129452988490335,0,0,0,0,0,0,0,0,0,0,0,0,0,0,0,0,0,0,0,0,0,0,0,0,0,0,0,0,0,0,0,0,13.41549901639144,0,0,0,0,0,0,0,0,0,0,12.372248165714563,0,0,0,0,0,0,0,0,0,0,0,0,0,0,0,0,0,0,0,0,0,0,0,0
0,15.220682873829137,0,0,8.231707317075042,0,0,12.112057280840311,7.426097546911934,0,0,0,0,0,0,0,0,0,0,0,0,0,0,0,0,0,0,0,0,0,0,0,0,0,0,0,0,0,0,0,0,0,0,0,0,0,0,0,0,0,0,0,0,0,0,0,0,0,0,11.087402775063914,0,0,0,0,0,0,0,0,0,0,0,0,0,0,0,0,0,0,0,0,0,0,0,0,0,0,0,0,0,0,0,0,0,0,0,0,0,0,0,0,0,0,0,0,0,0,0,0,0,0,0,0,0,0,0,0,0,0,0,0,0,0,0,0,0,0,0,0,0
0,0,0,0,0,0,0,0,0,0,0,0,0,0,0,0,0,0,0,0,0,0,0,0,0,0,0,0,0,0,0,0,0,0,0,0,0,0,0,0,0,0,0,0,0,0,0,0,0,0,0,0,0,0,0,0,0,0,0,0,0,0,0,0,0,0,0,0,0,0,0,0,0,0,0,0,0,0,0,0,0,0,0,0,0,0,0,0,0,0,0,0,0,0,0,0,0,0,0,0,13.498714374456503,0,0,0,0,0,0,0,0,0,0,0,0,0,0,0,0,0,0,0,0,0,0,0,0,0,17.19961440039823,0,0
0,0,0,0,0,0,0,0,0,0,0,0,0,0,0,0,0,0,0,0,0,0,0,0,0,0,0,0,0,0,0,0,0,0,27.293656984089434,0,0,0,0,0,0,0,0,0,0,0,0,0,0,0,0,0,0,0,0,0,0,0,0,0,0,0,0,0,0,0,0,0,0,0,26.542134137994747,0,0,0,0,0,0,0,0,0,0,0,0,0,0,0,0,0,0,0,0,0,0,0,0,0,0,0,0,0,0,0,0,0,0,0,0,0,0,0,0,0,0,0,0,0,0,0,0,0,0,0,0,0,0,0,0,0,0
0,0,0,11.772252442026119,0,0,0,0,0,0,0,0,0,6.1363636363667755,11.738220753103707,0,0,0,0,15.310935467760771,8.4060037862216,0,0,0,0,5.850658857982496,0,0,0,0,0,0,0,0,0,0,0,0,0,0,0,0,3.0090361445777147,0,0,5.007518796995043,0,0,0,0,0,0,0,0,0,5.733142037301586,0,0,0,0,0,0,0,0,0,0,0,0,0,0,0,0,0,0,0,0,0,0,0,0,13.101639344264344,0,0,0,0,4.354838709673459,0,0,0,0,0,0,0,0,0,0,0,0,0,0,0,0,0,0,0,0,0,0,0,0,0,0,0,0,0,0,0,0,0,0,0,0,0,15.283018867925106,0,0,0,0,0
0,0,0,0,0,0,0,0,0,0,0,0,0,0,0,0,0,0,0,0,41.046000203135115,0,0,0,0,0,0,0,0,0,0,0,0,0,0,0,0,0,0,0,0,0,0,0,0,0,0,0,0,0,0,0,0,0,0,0,0,0,0,0,0,0,0,0,0,0,0,0,0,0,13.56206532943652,0,0,0,0,0,0,0,0,0,0,0,0,0,0,0,0,0,0,0,0,0,0,0,0,0,0,0,0,0,0,0,0,0,0,0,0,0,0,16.584201507613848,0,0,0,0,0,0,0,0,0,0,0,0,0,0,0,0,0,0,0
0,0,0,0,0,0,0,0,0,0,0,0,0,0,0,0,0,0,0,0,0,0,0,0,0,0,0,0,0,0,0,0,0,0,0,0,0,0,0,0,0,0,0,0,0,0,0,0,0,0,0,0,0,0,0,0,0,0,0,0,0,0,0,0,0,0,0,0,0,0,0,0,0,0,0,17.2588030593308,0,0,0,0,0,0,0,0,0,0,0,0,0,0,0,0,0,0,0,0,0,0,0,0,0,0,0,0,0,0,0,0,0,0,0,0,0,0,0,0,0,0,0,0,0,0,0,0,0,0,0,0,0
0,0,0,0,0,0,0,0,0,0,0,0,0,0,0,0,0,0,0,0,0,0,0,0,0,0,0,0,0,12.214992611838953,0,0,0,0,0,0,0,0,0,0,0,0,0,0,0,0,0,0,0,0,0,0,0,0,0,14.068532499415477,0,0,0,0,0,0,0,0,0,0,0,0,0,0,0,0,0,0,16.789915966371286,0,0,0,0,0,0,0,0,0,0,16.27998201635469,0,0,0,0,0,15.283018867932347,0,0,0,0,0,0,0,0,0,0,0,0,0,0,0,0,0,0,0,0,0,0,0,0,0,0,0,0,0,0,0,0,0,0,0,0,0
0,0,0,0,0,0,0,0,0,0,0,0,0,0,0,0,0,0,0,0,0,0,0,0,0,0,0,12.672304439746782,0,0,0,0,0,0,0,0,0,0,0,0,0,0,0,0,0,0,0,0,0,0,0,0,0,0,0,0,0,0,0,0,0,0,0,0,0,0,0,0,0,0,0,0,0,0,0,0,0,0,0,0,0,0,0,0,11.417142857148699,0,0,0,0,0,0,0,0,0,0,0,0,0,0,0,0,0,0,0,0,0,0,0,0,0,0,0,0,0,0,0,0,0,0,0,0,0,0,0,0,0,0,0,0
0,7.093084691692419,0,0,0,0,0,0,0,0,0,11.68277062305163,0,9.041376886291014,7.0894299027445715,0,0,0,0,0,0,0,0,0,0,0,0,0,0,0,0,0,0,0,0,0,0,0,0,0,0,0,0,0,0,0,0,0,0,0,0,0,0,0,0,0,0,0,0,13.075032057944078,0,0,0,0,0,0,0,0,0,0,9.612427390124227,0,0,13.057041414138375,0,0,0,0,0,0,0,0,0,0,0,0,0,0,0,0,0,5.511724137933855,0,0,0,0,0,0,0,0,0,0,0,0,0,0,0,0,14.091151607767875,0,0,0,0,9.170461588821643,0,0,0,0,0,0,0,0,0,0,0,0,0,0,0
0,21.55229925893589,0,0,0,0,0,0,0,0,9.474170013195973,0,9.163557655024675,0,0,0,0,0,0,0,0,0,0,0,0,0,0,0,0,0,0,0,0,0,12.646249988336193,0,0,0,0,0,0,0,0,0,0,0,17.3516796457887,0,0,0,0,0,0,0,0,0,0,0,0,0,0,0,0,0,0,0,0,0,0,0,0,0,0,0,0,0,0,0,0,0,13.861850603607099,0,0,0,0,0,0,0,0,0,0,0,0,0,0,0,0,0,0,0,0,0,0,0,0,0,0,0,0,0,0,0,0,0,0,0,0,0,0,0,0,0,0,0,0,0,0,0,0
0,0,0,0,0,0,0,0,0,0,0,0,14.504537205078785,0,0,0,0,0,0,14.481586538969136,0,16.492495316408302,0,0,0,0,0,0,14.0046553792443,0,0,0,0,0,0,0,0,0,0,0,0,0,0,0,0,0,0,0,0,0,0,14.294117647059364,0,0,0,0,21.096951745641686,0,0,0,0,0,0,0,0,0,0,0,15.878007151745104,0,0,0,0,0,0,0,0,0,0,0,0,0,0,0,0,15.096093795608452,14.211255019800053,0,0,0,0,0,0,0,0,0,0,0,0,0,0,0,0,0,0,0,0,0,0,0,0,0,0,14.667976512483216,0,0,0,0,0,0,0,0,0,0,0,0,0,0,0
0,0,0,0,0,0,0,0,0,0,0,0,0,0,0,0,0,0,0,0,0,0,0,0,0,0,0,0,0,0,0,0,0,0,0,0,0,0,0,0,0,0,0,0,0,0,0,0,0,0,0,0,0,0,0,0,0,0,0,0,0,0,12.109090909097105,0,0,0,0,0,0,0,0,0,0,0,0,0,0,0,0,12.396323655825588,0,0,0,0,0,0,0,0,0,0,0,0,0,0,0,0,0,0,0,0,0,0,0,0,0,0,0,0,0,0,0,0,0,0,0,0,0,0,0,0,0,0,0,0,0,0,0,0,0
0,0,0,28.12103733898972,0,0,0,0,0,0,0,0,0,0,0,0,0,0,0,0,0,0,0,0,0,0,0,9.670064505954171,0,0,0,0,0,0,0,0,0,0,0,0,0,0,0,0,0,0,0,0,0,0,0,0,0,0,0,0,0,0,0,0,0,0,0,0,0,0,0,0,0,0,0,0,0,0,0,0,0,0,0,0,0,0,0,20.836807442563423,0,0,0,0,0,0,0,0,0,0,0,0,0,0,0,0,0,0,0,0,0,0,0,0,0,0,0,0,0,0,0,0,0,0,0,0,0,0,0,0,0,0,0,0,0
0,0,0,0,0,0,0,0,0,0,0,0,0,0,8.455152948527552,0,0,0,0,0,8.962498810392706,0,0,0,0,0,0,0,0,0,0,10.474644862760954,0,0,0,0,0,0,0,0,0,0,0,0,0,0,5.360688285904594,0,5.9491759494501055,0,0,0,0,9.164740470014397,0,0,0,0,0,8.860310421284268,0,0,0,0,0,0,0,0,0,0,0,0,0,0,0,0,0,0,0,0,0,0,0,0,0,0,0,0,0,0,0,0,0,0,0,0,0,0,0,0,18.387600818670727,8.80434782607895,0,17.707976969113556,0,0,0,0,0,0,0,0,0,0,0,0,0,13.646287469324305,0,0,0,0,0,14.41247747054022,0,0,0,0,0
0,0,0,0,0,0,0,0,0,0,0,0,0,0,0,0,0,0,0,0,0,19.520621776895396,0,0,0,0,0,14.564651125690627,0,0,0,0,0,0,0,0,0,0,0,0,0,0,0,0,0,0,0,0,0,0,0,0,0,13.058823529409167,0,0,0,0,0,0,0,0,0,0,0,0,0,0,0,0,0,0,0,0,0,0,0,0,0,0,0,0,0,0,0,0,0,0,0,0,0,0,0,0,0,0,0,0,0,0,0,0,0,0,0,0,0,0,0,0,0,0,0,0,0,0,0,0,0,0,0,0,0,0,0,0,0,0,0
0,0,0,0,0,0,0,0,0,0,0,0,0,0,0,0,0,0,0,0,0,0,15.31755734272458,0,0,0,0,0,0,0,0,0,25.3609281652098,0,0,0,0,0,0,0,0,0,0,0,0,0,0,9.77753376865526,0,0,0,0,0,0,0,0,0,0,0,0,0,0,0,0,0,0,0,0,0,0,0,0,0,0,0,0,0,8.161209068014251,0,0,0,0,0,0,0,0,0,0,0,0,0,0,0,0,0,0,0,0,0,0,0,0,0,0,0,0,0,0,0,0,0,0,0,0,0,0,0,0,0,0,0,0,0,0,0,0,0,0,0
0,0,0,0,0,0,0,0,0,0,0,0,0,0,0,0,0,0,0,18.145502087135377,0,0,0,0,0,0,0,0,0,0,0,0,0,0,15.636700052183325,0,0,0,0,0,0,0,0,0,0,0,0,0,0,0,15.934749366913417,0,0,0,0,0,0,0,0,0,0,0,0,0,0,0,0,0,0,0,11.560293371672946,0,0,0,0,0,0,0,0,0,0,0,0,0,0,0,0,0,0,0,0,10.806747849570675,0,0,0,0,0,0,0,0,0,0,0,0,0,0,0,0,0,0,0,0,0,0,0,0,0,0,0,0,0,16.194901002734497,0,0,0,0,0,0,0
0,0,0,0,0,0,0,0,0,0,0,0,0,0,0,0,0,0,0,0,0,0,0,0,0,0,0,0,0,0,0,0,0,0,0,0,0,0,0,0,0,0,0,0,5.970515970516196,0,0,0,0,0,0,0,0,0,0,0,0,0,0,0,0,0,0,13.125935332740008,13.594718737475402,0,0,0,0,0,0,0,0,0,0,11.591108580589115,0,13.47466372492803,0,0,0,0,0,0,0,0,0,0,0,0,31.75601430350382,0,0,0,0,0,0,0,0,0,16.857578142759873,0,0,0,0,0,0,0,0,0,0,0,0,0,0,0,0,0,0,0,0,0,0,0,0,0,0,0,0
0,0,0,20.435508966715496,0,0,0,0,0,0,0,0,0,0,0,0,0,0,0,0,0,0,0,0,0,0,0,0,0,0,0,0,0,0,0,0,0,4.9888876100775805,0,0,0,0,0,0,0,0,0,0,0,0,0,0,0,0,0,11.37313306303434,0,0,0,0,0,0,0,15.562092378235919,0,0,0,0,0,0,0,0,0,0,0,12.307354825749302,0,15.793603079893991,0,0,0,0,0,0,0,0,0,0,0,0,13.267361206085644,0,0,0,0,0,0,0,0,0,0,0,0,0,0,0,0,0,0,0,24.316395985715904,0,0,0,0,0,0,0,0,0,11.449856733530213,0,0,0,0,0,0,0,0
0,0,0,0,0,0,0,0,0,0,0,0,0,0,0,0,0,0,0,0,0,0,0,0,0,0,0,5.504132231407775,0,0,0,0,0,0,0,0,0,0,0,0,0,0,0,0,0,0,0,0,0,0,0,0,0,0,0,0,0,0,0,0,0,0,0,0,8.975069252082154,0,0,0,0,0,0,0,0,0,0,0,0,0,0,0,0,0,0,19.63539815711148,0,0,0,0,0,0,0,0,0,0,0,0,0,0,0,0,0,0,0,0,0,0,0,0,0,0,0,0,0,0,0,0,0,0,0,0,0,0,0,0,0,0,0,0,0
0,0,0,0,0,0,0,0,3.9642857142877426,0,11.936135306654215,0,0,0,0,0,9.416323794686381,0,0,0,0,0,0,0,0,0,0,0,0,0,0,7.3202331663357745,0,0,0,0,9.150291457916136,0,10.63699289553385,0,0,0,0,0,0,0,0,0,0,0,0,0,11.913994511711731,0,0,0,0,0,0,0,0,0,0,10.075187735392246,0,8.671874999999508,11.02785777999225,0,0,0,0,0,0,0,0,0,0,0,0,0,6.736476486817543,0,0,0,0,0,0,0,0,0,0,0,0,0,0,0,0,0,0,0,0,0,0,10.174065809319991,0,0,0,0,10.954818521355568,0,0,0,0,0,0,0,0,0,0,0,0,0,0,0,0,0,0,0,0
0,0,0,0,0,0,0,0,0,0,0,0,0,0,0,0,0,0,0,9.999380571635134,0,0,0,0,0,0,0,0,0,0,0,0,0,9.073146943858236,0,0,0,0,0,0,0,0,10.379647065032861,0,0,0,0,0,0,0,0,0,0,15.37988382420969,0,0,0,0,0,0,0,0,0,0,0,0,7.560682719992521,0,0,0,0,0,0,0,0,0,0,0,0,0,0,0,0,0,0,0,0,0,0,0,0,0,0,0,0,0,0,0,0,0,0,0,0,0,0,0,0,0,0,0,0,0,0,0,0,0,0,0,0,0,0,0,0,0,0,0,0,0,0
0,0,0,0,0,0,0,0,0,0,0,0,0,0,0,0,0,0,0,0,0,0,0,0,0,0,0,0,0,0,0,0,0,0,0,0,0,0,0,0,0,5.869565217385966,0,0,0,0,0,0,0,0,0,0,0,0,0,0,0,0,0,0,0,0,0,0,0,0,0,0,0,0,0,0,0,18.84905660378323,0,0,0,0,0,0,0,0,0,0,0,0,0,0,0,0,9.755412651531605,0,0,0,0,0,0,0,0,0,0,0,0,0,0,0,0,0,0,0,0,0,0,0,0,0,0,0,0,0,0,0,0,0,0,0,0,0,0
0,0,0,0,0,5.111551060694283,0,0,0,0,0,0,4.791366906470462,0,0,0,0,0,0,0,0,0,0,0,0,0,0,0,0,0,0,0,0,0,15.536821414257602,0,0,0,0,0,0,0,0,0,0,0,0,0,0,0,0,0,0,0,0,0,0,0,0,0,0,0,0,0,0,0,0,0,0,21.87273116350615,0,0,0,0,0,0,0,0,0,0,0,8.592598750548081,0,0,0,15.940452465722124,0,0,0,0,0,0,0,0,0,0,0,0,0,0,0,0,0,0,0,0,0,0,0,0,0,0,0,0,0,14.148471615727763,0,0,0,0,0,0,0,0,0,0,14.108141596350833,0,0
0,0,0,5.842105263160883,0,0,0,0,0,0,0,0,0,0,0,0,0,0,0,0,0,0,0,0,0,0,0,0,0,0,0,0,0,0,0,0,0,0,0,0,0,4.711057067008626,7.264353523837183,0,0,0,13.467210254366536,0,0,13.02686523256677,0,0,0,0,0,0,0,0,0,0,0,11.892857142854776,0,0,11.330812854437406,0,0,0,0,0,0,0,14.78363105820873,0,0,0,0,0,21.484639441318404,15.537681021227554,14.158170808309038,0,0,0,0,17.49031210857059,0,0,0,9.284198162181957,0,0,0,0,11.473088406973194,0,0,0,0,0,0,0,0,0,0,0,0,0,0,0,0,0,0,0,26.13653367963118,16.70283869208834,0,0,0,0,0,0,0,0,0,0,0,0,0
0,0,0,0,0,0,0,0,0,0,0,0,0,0,0,0,0,0,0,0,0,0,0,0,0,0,0,0,0,0,0,0,0,0,0,0,0,0,0,0,0,0,0,0,0,0,0,0,0,0,0,0,0,0,0,0,0,0,0,0,0,0,0,0,0,0,0,0,0,0,0,0,0,0,0,0,0,0,0,0,0,0,0,0,0,0,0,0,0,0,0,0,0,0,0,0,0,0,0,0,0,0,0,0,0,0,0,0,0,0,0,0,0,0,0,0,0,0,0,0,0,0,0,0,0,0,0,0,0
0,0,0,0,0,0,0,0,0,0,0,0,0,0,0,0,0,0,0,0,0,0,0,14.05594075728456,0,0,0,0,0,0,0,0,0,14.39709695270204,0,0,0,0,9.840032961240189,0,0,0,0,0,0,0,0,0,0,0,0,0,0,0,0,0,0,0,0,7.826086956514621,0,0,0,0,0,0,0,0,0,0,0,0,0,0,0,0,0,0,0,0,16.21012177434951,0,0,0,0,0,0,0,0,0,0,0,0,0,0,0,0,0,0,0,0,0,0,17.38666287089246,0,0,17.321462347358295,0,0,0,0,0,0,0,0,0,0,0,0,0,0,0,0,0,0,0,0,0,0
0,0,0,11.544713832454285,0,0,0,0,0,0,0,0,0,0,0,0,0,0,0,0,0,0,0,0,0,0,0,0,0,21.571731903257675,0,0,0,0,0,0,0,0,0,0,0,0,10.091681470039065,0,0,0,0,9.10688819825789,0,0,0,24.935987142746026,0,0,15.558920271021336,0,22.46740184934374,0,0,0,0,0,0,0,15.573933264078182,0,0,0,12.182926829274527,0,0,0,0,0,0,0,0,9.93241404332105,0,0,0,0,0,0,0,0,0,0,0,0,0,0,0,0,0,0,0,0,0,0,0,0,0,0,0,0,0,0,0,0,0,0,0,0,0,0,0,0,0,0,0,0,0,0,0,0,0,0,0
0,0,0,0,0,0,0,0,0,0,17.704749983695827,0,0,0,0,0,0,0,0,0,0,0,0,0,0,0,0,0,0,0,0,0,0,0,0,0,0,0,0,0,0,0,0,0,0,0,0,0,0,0,0,0,0,0,0,0,0,0,0,0,0,0,0,10.89308912025221,0,0,0,0,0,0,0,0,0,0,0,0,0,0,0,0,0,0,0,0,0,10.287895260792196,0,0,0,0,0,0,0,0,0,0,0,0,0,0,0,0,0,0,0,0,0,0,0,0,0,0,0,0,0,0,0,0,0,0,0,0,0,0,0,0,0,0,0
0,0,0,0,0,0,0,0,0,0,0,0,0,0,0,0,0,0,0,0,0,0,0,0,0,0,0,0,0,0,0,0,0,0,0,0,0,0,0,0,10.555428132139903,0,32.456590634645565,0,0,0,0,0,0,0,0,0,0,0,0,0,0,0,0,0,0,0,0,0,0,0,0,0,0,0,0,0,0,0,0,0,0,0,0,0,0,0,0,0,0,0,0,0,0,0,0,0,0,0,0,0,0,0,0,0,0,0,0,0,0,0,0,0,0,0,0,0,0,0,0,0,0,0,8.950276243098502,0,0,0,0,0,0,0,0,0,0
0,0,0,0,0,0,0,0,0,0,0,0,16.654194018960997,0,0,16.598024397784645,0,19.776515062220554,0,0,0,0,0,0,0,0,0,0,20.18448929334882,0,0,0,0,0,0,0,21.403798513624647,0,0,0,0,0,0,0,0,0,0,0,0,0,0,0,0,0,0,0,0,0,0,0,0,0,0,0,0,0,0,0,0,0,0,0,0,0,0,0,0,0,0,0,0,0,0,0,0,0,0,0,0,0,0,0,0,0,0,0,0,0,0,0,0,0,0,0,0,18.344353891586824,0,0,0,0,0,0,0,0,0,0,0,0,0,0,0,0,0,0,0,0,0,0,0
0,20.157093262091486,0,0,0,0,0,0,0,0,0,0,0,0,0,0,0,0,0,0,0,0,0,0,0,0,0,0,0,0,0,0,0,0,0,0,0,0,0,0,0,0,0,0,0,0,0,0,0,0,0,0,0,0,0,0,0,0,0,0,0,0,0,0,0,0,0,0,0,0,0,0,0,0,0,0,0,0,0,0,0,0,0,0,0,0,0,0,0,0,0,0,0,0,0,0,0,0,0,0,0,0,0,0,0,0,0,0,24.525524280527637,0,0,0,0,0,0,0,0,0,0,0,0,0,0,0,0,0,0,0,0
0,0,0,0,0,0,0,0,0,0,0,0,0,0,0,0,0,0,0,0,0,0,0,0,0,0,0,0,0,0,0,0,0,0,13.26526123247923,0,0,0,0,0,0,0,0,0,0,17.93500656946934,0,0,0,0,0,0,0,0,0,0,0,0,0,0,20.07125913311056,0,12.277981663879268,0,0,0,0,0,0,0,0,0,0,0,0,13.439525537971772,0,0,0,0,0,0,0,0,0,0,0,0,0,0,0,0,0,0,0,0,0,0,0,0,0,0,0,0,0,0,0,13.500000000026091,0,0,0,0,0,0,0,0,0,0,0,0,0,0,0,0,0,0,0,0,0
0,0,0,0,0,0,0,0,0,0,0,0,0,0,0,0,0,0,0,0,0,0,0,0,0,0,0,0,0,0,0,0,0,0,0,0,0,0,0,0,16.730331186633222,14.372974639928998,0,0,0,24.245358257902446,0,0,0,4.754597335640673,0,0,0,0,0,0,0,0,0,0,0,0,0,0,0,0,0,0,0,0,0,0,0,0,0,0,0,0,0,0,0,0,0,0,0,0,0,0,0,14.33001202553848,0,0,0,0,0,0,0,0,0,0,0,0,0,0,0,0,0,0,0,0,0,0,0,0,0,0,0,0,0,0,0,0,0,8.756756756773681,0,0,0,0,0
0,0,0,0,0,0,0,0,0,7.5922723177458735,0,0,0,0,0,0,0,0,0,0,0,0,0,0,0,0,0,0,0,0,0,0,0,0,0,0,7.705718937185791,0,21.61543830742697,0,0,0,0,0,0,13.616361400312629,0,0,0,0,0,0,0,0,0,0,0,0,0,0,8.016048144434553,0,0,0,0,0,0,0,0,0,0,0,0,0,0,0,0,0,0,0,0,0,0,0,0,11.228886437443451,0,0,0,0,0,0,0,0,0,0,0,0,0,0,0,0,0,0,0,0,0,0,0,0,0,0,0,0,0,0,0,0,0,0,0,0,0,0,0,0,0,0,0
0,0,23.3391637188634,0,0,0,0,0,0,0,0,0,0,0,0,0,0,0,0,0,0,0,0,0,0,0,0,0,0,0,0,0,0,0,0,0,0,0,0,0,0,0,0,0,0,0,0,0,0,0,0,0,0,0,0,0,0,0,0,0,0,0,0,0,0,0,0,0,0,0,0,0,0,0,0,0,0,0,13.766346877546782,0,0,0,0,0,0,0,0,0,0,0,0,0,0,23.465926500535105,0,0,0,0,0,0,0,0,0,0,0,0,0,0,0,0,0,0,0,0,0,0,0,0,0,0,0,0,0,0,0,0,0,0,0
0,0,0,0,0,0,0,0,0,0,0,0,0,0,0,0,0,0,0,0,0,0,0,0,14.077760400248822,0,0,0,0,0,0,0,0,0,0,0,0,0,0,0,0,0,0,0,0,0,0,0,0,0,0,0,0,0,0,0,0,0,0,0,0,0,0,0,0,0,0,0,0,0,0,0,0,0,0,0,0,0,0,0,0,0,0,0,0,0,0,0,0,0,0,0,0,0,0,0,0,0,0,0,0,0,0,0,0,0,0,0,0,0,0,0,0,0,0,0,0,0,0,0,0,0,0,0,0,0,0,0,0
0,0,0,0,0,0,0,0,0,0,0,0,0,0,0,0,0,0,0,0,0,0,0,0,0,0,0,0,0,0,0,0,0,0,0,0,0,0,0,0,0,0,0,0,0,0,0,0,0,0,0,0,0,0,0,0,0,0,0,0,0,0,0,0,0,0,0,0,0,0,0,0,0,0,0,0,0,0,0,0,0,0,0,0,0,0,0,0,0,0,0,0,0,0,0,0,0,0,0,0,0,0,0,12.486588148454388,0,5.381249285735573,0,0,0,0,0,0,0,0,0,0,0,0,0,0,0,0,0,0,0,0,0,0,0
0,0,0,0,0,0,0,0,0,0,0,0,0,0,0,0,0,0,0,0,0,0,0,0,0,0,0,0,0,0,0,0,0,0,0,0,0,0,0,0,0,0,0,0,0,0,0,0,0,0,0,0,0,0,0,0,0,0,0,0,0,0,0,0,0,0,13.144736842107319,0,0,0,0,0,0,0,0,0,0,0,0,0,0,0,0,0,0,0,0,0,0,0,0,0,0,0,0,0,0,0,0,0,0,0,0,0,0,0,0,0,0,0,0,0,0,0,0,0,0,0,0,0,0,0,0,0,0,0,0,0,0
0,0,0,0,0,0,0,0,0,0,0,0,0,0,12.341392826236286,0,0,0,0,0,0,0,0,0,0,0,0,0,0,0,0,0,0,0,0,7.571577075496833,0,0,0,0,0,0,0,0,0,0,0,0,0,0,0,0,0,0,0,0,0,0,0,0,0,0,0,0,0,11.538747720698025,0,0,0,0,0,0,0,0,0,0,0,0,0,0,0,0,0,0,0,0,0,0,0,0,0,0,0,14.25062137718951,0,0,0,0,0,0,0,0,0,0,0,0,0,0,12.862660944206496,0,0,0,0,0,0,0,0,0,0,0,0,0,0,0,0,0,0,0,0
0,0,0,0,0,0,0,0,0,0,0,0,0,0,0,0,0,0,0,0,0,0,0,0,0,0,0,0,0,0,0,0,0,0,0,0,0,0,0,0,0,0,0,0,0,0,0,0,0,0,5.3565683646140005,0,0,0,0,0,0,0,0,0,17.19596644990698,0,0,0,0,0,0,0,0,0,0,0,0,0,0,0,0,8.574123861946804,0,0,0,0,0,0,0,0,0,0,0,0,0,0,0,0,0,0,0,0,0,0,0,0,0,0,0,0,0,0,0,15.506068053526292,0,0,0,0,0,0,0,0,0,0,0,0,0,0,0,0,12.448598130838645,0,0
0,0,5.787775022787878,15.331014317389034,0,0,0,0,9.238464120870704,0,0,0,12.552816279415286,0,0,7.23214285714313,0,0,0,0,13.829232035396826,0,0,0,0,0,0,0,0,0,0,0,0,0,0,0,0,0,0,0,0,13.820762745883224,0,0,0,0,0,0,0,0,0,0,0,0,0,0,0,0,0,0,0,0,0,0,0,0,0,0,0,0,0,0,0,0,0,0,0,0,0,0,0,0,0,0,0,0,0,0,0,0,0,0,0,0,0,0,0,13.91129500784307,0,0,0,0,0,0,0,0,0,0,0,0,0,6.704697986575847,0,0,0,0,0,0,0,0,0,0,0,0,0,0,0,0,0
0,0,0,0,0,0,0,0,0,0,0,0,0,0,0,0,0,0,0,14.891997724702268,0,0,0,0,0,0,0,0,0,0,0,0,0,0,0,0,0,0,0,0,0,12.480397529477653,0,0,0,0,0,0,0,0,0,0,0,0,0,0,0,0,0,0,0,0,0,0,0,0,0,0,0,0,0,0,0,0,0,0,0,0,0,0,0,0,0,0,8.728527109265121,0,0,0,0,0,0,0,0,0,0,0,0,0,0,0,0,0,0,0,0,0,0,0,0,0,0,0,0,0,0,0,0,0,0,19.02857142857215,0,0,0,0,0,0,0,0,0
0,0,0,0,0,38.252442308798805,0,0,0,0,0,0,0,0,0,0,0,0,0,0,0,0,0,0,0,0,0,0,0,0,0,0,0,0,0,0,0,0,0,0,0,0,0,0,0,0,0,0,0,0,0,0,0,0,0,0,0,0,0,0,0,0,0,0,0,0,0,0,0,0,0,0,0,0,0,29.821864714294104,0,0,0,0,0,0,0,0,0,0,0,0,0,0,0,0,0,0,0,0,0,0,0,0,0,0,0,0,0,0,0,0,16.6327854564344,0,0,0,0,0,0,0,0,0,0,0,0,0,0,0,0,0,0,0,0
0,0,0,0,0,0,0,0,0,0,0,0,0,0,11.489361702123741,0,0,0,0,0,0,0,0,0,0,0,0,0,0,0,0,0,0,7.710454131173591,0,0,0,0,0,0,0,0,0,0,0,0,0,0,0,0,0,0,0,0,0,0,0,0,0,0,0,0,0,0,0,0,0,0,0,0,0,0,0,0,0,0,0,0,0,0,0,0,0,0,0,0,0,0,0,0,0,0,0,0,0,0,0,0,0,0,0,0,0,0,0,0,0,0,0,0,0,0,0,0,0,0,0,0,0,0,0,0,0,0,0,0,0,0,0
0,0,0,0,0,0,0,0,0,0,0,0,0,0,0,0,0,0,0,0,0,0,0,0,16.348964991000262,0,0,0,0,0,0,0,0,0,0,0,0,0,0,0,0,0,0,0,0,0,0,0,0,0,0,0,0,0,0,0,0,0,0,0,0,0,0,0,0,0,0,0,0,0,0,0,0,0,0,0,0,0,0,0,0,0,0,0,0,0,0,0,0,0,0,0,0,13.190959787616716,0,0,0,0,0,0,0,0,0,0,0,0,0,0,0,0,0,0,0,0,0,0,0,0,0,0,0,0,0,0,0,0,0,0,0
0,0,0,0,0,0,0,0,0,0,0,0,0,0,0,0,0,0,0,0,0,0,0,0,0,0,0,0,0,0,0,0,0,0,10.67879159798283,0,0,0,20.91249722425616,0,0,0,0,0,0,0,0,0,0,0,0,0,0,0,24.924279860457702,0,0,0,0,0,0,0,0,0,0,0,0,0,0,0,0,0,0,0,0,0,0,0,0,0,0,0,0,0,0,0,0,0,0,0,13.792156346287973,23.56356273719642,0,0,12.036144578310859,0,0,0,0,0,0,0,0,0,0,0,0,0,0,0,0,0,0,0,0,0,0,0,0,0,0,0,0,0,0,0,0,0,0
0,0,29.83323839512698,0,0,0,22.791478998748136,0,0,0,0,0,0,16.081634631657593,0,0,0,0,0,0,0,31.816274102191244,0,12.140495224508632,0,0,0,0,0,0,0,0,0,0,0,0,0,0,0,0,0,0,0,0,30.270354803105494,0,0,0,0,0,0,0,0,0,0,28.199584869286813,0,0,0,0,0,0,0,0,30.57589637317024,0,0,0,0,0,15.542789561738529,0,0,0,0,0,0,22.605078949356958,0,0,0,0,0,0,0,0,0,0,0,0,0,0,0,0,0,0,0,0,0,0,0,14.478529887050469,0,0,0,0,0,0,0,0,0,0,0,0,0,0,0,0,0,0,0,0,0,0,0,0,0,0,0
0,0,0,0,0,0,0,0,0,0,0,0,7.613042492986224,0,0,0,0,0,0,0,0,0,0,0,0,0,0,10.914726274048265,0,0,0,0,0,0,0,0,0,0,0,0,0,11.087229131828263,26.94932744985606,0,8.35983263598754,0,0,10.37192402654762,0,0,0,0,0,9.428013949680755,0,0,0,0,0,0,0,0,0,4.576271186436516,0,0,0,0,0,0,0,0,0,0,0,0,0,0,0,0,0,0,0,0,0,0,0,0,0,0,0,8.77896641154131,0,0,0,0,0,0,0,0,0,0,0,0,0,0,0,0,0,0,0,0,0,0,0,0,0,0,0,0,0,0,0,0,0,0,0,0,0
0,0,0,0,0,0,0,0,0,0,0,0,0,0,0,0,0,0,0,0,0,0,0,0,0,0,0,0,0,0,0,0,0,0,0,0,0,0,0,0,0,0,0,0,0,0,0,0,0,0,0,0,0,0,0,0,0,0,0,0,0,0,0,0,0,0,0,0,0,0,0,0,0,0,0,0,0,0,0,0,0,0,0,0,0,0,0,0,0,0,0,0,0,0,0,0,0,0,0,0,0,0,0,0,0,0,0,0,0,0,0,0,0,0,0,0,0,0,0,0,0,0,0,0,0,0,0,0,0
0,0,0,0,0,0,0,0,0,0,0,0,0,0,0,0,0,0,0,0,13.834921457254902,0,0,0,0,0,0,0,0,0,0,0,0,0,0,0,9.526804291054475,0,0,0,0,0,0,0,0,0,0,0,0,0,0,0,0,0,0,0,0,0,0,0,0,0,0,0,0,0,0,0,0,0,13.616547188205187,0,0,0,0,0,0,0,0,0,0,0,0,0,0,0,0,0,0,0,0,0,0,0,0,0,0,0,0,0,0,0,0,0,0,0,0,0,0,0,0,0,0,0,0,0,0,0,0,0,0,0,0,0,0,0,0,0,0
0,0,0,0,0,0,0,0,0,0,0,0,0,0,0,0,0,0,0,0,0,0,0,0,0,0,0,0,0,0,0,0,0,0,0,0,0,0,0,0,0,0,0,0,0,0,0,0,0,0,0,0,0,0,0,0,0,0,0,0,0,0,0,0,0,0,0,0,0,0,0,0,9.424528301891614,0,0,0,0,0,0,0,0,0,0,0,0,0,0,0,0,0,0,0,0,0,0,0,0,0,0,0,0,0,0,0,0,0,0,0,0,21.426273458444584,0,0,0,0,0,0,0,0,0,0,0,0,0,0,0,0,0,0,0
0,0,0,0,0,0,0,0,0,0,0,0,0,0,0,0,0,0,0,0,0,0,0,0,0,0,0,0,0,0,0,0,0,0,0,0,0,0,0,0,0,0,0,0,0,15.711453014191578,0,0,0,0,0,0,0,0,0,0,0,0,0,0,0,0,0,0,26.185581327798864,0,0,0,0,0,0,0,0,0,0,0,0,0,0,0,0,0,0,0,0,0,0,0,0,0,0,0,0,0,0,0,0,0,0,0,0,0,0,0,0,0,0,0,0,0,0,0,0,0,0,0,0,0,0,0,0,0,0,0,0,0,0,0,0
0,0,0,0,0,0,0,0,0,0,0,0,0,0,0,0,0,0,0,0,0,0,0,0,0,0,0,0,0,0,14.065711095305527,0,0,0,0,0,0,0,0,0,0,0,0,0,0,0,0,0,0,0,0,0,0,0,0,0,0,0,0,0,0,0,0,0,0,0,0,0,0,0,0,0,0,0,0,0,0,0,0,0,11.622351460854365,0,0,0,0,0,0,0,0,0,0,0,0,0,0,0,0,0,0,0,0,0,0,0,0,0,15.857142857139703,0,0,0,0,0,0,0,0,0,0,0,0,0,0,0,0,0,14.267276731721969,0,0,0,0
0,0,0,0,0,0,0,0,0,0,0,0,0,0,0,0,0,0,0,0,0,0,0,0,0,0,0,0,0,0,0,0,0,0,0,0,0,0,0,0,0,0,0,0,0,0,0,0,0,0,0,0,0,0,0,0,0,0,0,0,0,0,0,0,0,0,0,0,0,0,0,0,0,0,0,0,0,0,0,0,0,0,0,0,0,0,0,5.221565495875326,0,0,0,0,0,0,0,0,0,0,0,0,0,0,0,0,0,0,0,0,0,0,0,0,0,0,0,0,0,0,0,0,0,0,0,0,0,0,0,0,0
0,12.75643849360737,0,0,0,0,0,0,0,0,0,0,0,0,0,0,0,0,0,0,0,0,0,0,0,0,0,0,0,0,0,0,0,0,0,0,0,0,0,0,0,0,0,0,0,0,0,0,0,0,0,0,0,0,0,0,0,0,0,0,0,0,0,0,0,0,0,0,0,0,0,0,0,0,0,0,0,0,0,0,0,0,0,0,0,0,0,0,0,0,0,0,0,0,0,0,0,0,0,0,0,0,0,0,0,0,0,0,0,0,0,0,0,0,0,0,0,0,0,0,0,0,0,0,0,0,0,0,0
0,0,0,0,0,0,0,0,0,0,0,0,0,0,0,0,0,0,0,0,0,0,0,0,0,0,0,0,0,0,0,0,0,0,0,0,0,0,0,0,0,0,0,0,0,0,0,0,0,0,0,0,0,0,0,0,0,0,0,0,0,0,0,0,0,0,0,0,0,0,0,0,0,0,0,0,0,0,0,0,0,0,0,0,0,0,0,0,0,0,0,0,0,0,0,0,0,0,0,0,0,0,0,0,0,0,0,0,0,0,0,0,0,0,0,0,0,0,0,0,0,0,0,0,0,0,0,0,0
0,0,0,0,0,0,0,0,0,0,0,0,0,0,0,0,0,0,0,0,0,0,0,0,0,0,0,0,0,0,0,0,0,0,0,0,0,0,0,17.004255319148573,0,0,0,0,0,0,0,0,0,0,0,0,0,0,0,0,0,0,0,0,0,0,0,0,0,0,0,0,0,0,12.781065088754852,0,0,0,0,0,0,0,0,0,0,0,0,0,0,0,0,0,0,0,0,0,0,0,0,0,0,0,0,0,0,0,0,0,0,0,0,0,0,0,0,0,0,0,0,0,0,0,0,0,0,0,0,0,0,0,0,0,0
0,0,0,0,0,0,0,0,0,0,0,0,0,0,0,0,0,0,0,0,0,0,0,0,0,0,0,0,0,0,0,0,0,0,0,0,0,0,0,0,0,0,0,0,0,0,0,0,0,0,0,0,0,0,0,0,0,0,0,0,0,0,0,0,0,0,0,0,0,0,0,0,0,0,0,0,0,0,0,0,0,0,0,0,0,0,0,0,0,0,0,0,0,0,0,0,0,0,0,0,0,0,0,0,0,0,0,0,0,0,0,0,0,0,0,0,0,0,0,0,0,0,0,0,0,0,0,0,0
0,0,0,0,0,0,0,0,0,0,0,0,0,0,0,0,0,0,0,0,0,0,0,0,0,0,0,0,0,0,0,0,0,0,0,0,0,0,0,0,0,0,0,0,0,0,0,0,0,0,0,0,0,0,0,0,0,0,0,0,0,0,0,0,0,0,0,0,0,0,0,0,0,0,0,0,0,0,0,0,0,0,0,0,0,0,0,0,0,0,0,0,0,0,0,0,0,0,0,0,0,0,0,0,0,0,0,0,0,0,0,0,0,0,0,0,0,0,0,0,0,0,0,0,0,0,0,0,0
0,0,0,0,0,0,0,0,0,0,0,0,0,0,0,0,0,0,0,0,0,0,0,0,0,0,0,0,0,0,0,0,0,0,0,0,0,0,0,0,0,0,0,0,0,0,0,0,0,0,0,0,0,0,0,0,0,0,0,0,0,0,0,0,0,0,0,0,0,0,0,0,0,0,0,0,0,0,0,0,0,0,7.29729729729066,0,0,0,0,0,0,0,0,0,0,0,0,0,0,0,0,0,0,0,0,0,0,0,0,0,0,0,0,0,0,0,0,0,0,0,0,0,0,0,0,0,0,0,0,0,0
0,0,0,0,0,0,0,0,0,0,0,0,0,0,0,0,0,0,0,0,0,0,0,0,0,0,0,0,0,0,0,0,0,0,0,0,0,0,0,0,0,0,0,0,0,0,0,0,0,0,0,0,0,0,0,0,0,11.73189042338944,0,0,0,0,0,0,0,0,0,0,0,0,0,0,0,0,0,0,0,0,0,0,0,0,0,0,0,0,0,0,0,0,0,0,0,0,0,0,0,0,0,0,0,0,0,0,0,0,0,0,0,0,0,0,0,0,0,0,0,0,0,0,0,0,0,0,0,0,0,0,0
